id,name
0PFtn5NtBbbUNbU9EAmIWF,TOTO
3TVXtAsR1Inumwj472S9r4,Drake
3SRJWVa6lZnqRHOyAHmDrX,Jon B.
3mSAqBoXQgdlpwzWsIgBzL,Merle Haggard & The Strangers
2eogQKWWoohI3BSnoG7E2U,Donna Summer
4GxVmha4ELBwUE4bPyChzS,Glenn Yarbrough
3oZa8Xs6IjlIUGLAhVyK4G,Irene Cara
4TROLx8HvrnfGGNo2ngL2N,Shawn Mullins
1cHFz6lrt7KAsBV8j2Ny1g,The Blues Brothers
6KcJMeHZr0A6XHwAwlmfef,Rome
2LgRWQn0lwQqsqidN5V9lW,Ocean
38vfzvLcy3BVAPGUo5F3SF,The Gestures
07XSN3sPlIlB2L2XNcTwJw,KISS
2AfbdEnBTWGcpZKHa5MPJK,The Girlfriends
2ttm3uT0N1RN7vwKv1pQgh,Brook Benton
0EodhzA6yW1bIdD5B4tcmJ,Bobby Darin
3koiLjNrgRTNbOwViDipeA,Marvin Gaye
0PGtMx1bsqoCHCy3MB3gXA,Unk
6qLZdPW7iYL5oF8tc0g3p0,Terry Knight And The Pack
1aX2dmV8XoHYCOQRxjPESG,The Human League
6XyY86QOPPrYVGvF9ch6wz,Linkin Park
6dJeKm76NjfXBNTpHmOhfO,Selena Gomez & The Scene
218kRJZ7FJs0hWIk8Ynzhz,Charlie Rich
7bXgB6jMjp9ATFy66eO08Z,Chris Brown
3ipn9JLAPI5GUEo4y4jcoi,Ludacris
5zNOI87gG4RttFmYAZWaxQ,Frankie Avalon
0NqxUSg57tX1o1WG7VU1Vp,Stonewall Jackson
1Mxqyy3pSjf8kZZL4QVxS0,Frank Sinatra
0ECwFtbIWEVNwjlrfc6xoL,Eagles
2JfVCMa3FlvQRlLT5uH9zb,Nancy Wilson
53jXEVVJtpaWVQ3ffvhDtl,Betty Everett
57bUPid8xztkieZfS7OlEV,The Supremes
0a1gHP0HAqALbEyxaD5Ngn,Rascal Flatts
1Csjn2SQV7R9szDhhR7Aji,The Ides Of March
2ycnb8Er79LoH2AsR5ldjh,Pet Shop Boys
40B4rvXn71qa0Vi2ZtBjS1,Balance
2IvkS5MXK0vPGnwyJsrEyV,Eric Church
3KzYAUHiKXCKpisQgRD2Ja,Ronnie Dove
5Y9xEAGW4GwGJgbiI6W85P,Ritchie Valens
48kXmrNGCBMAz7N8x1J2na,Eurogliders
0Lpr5wXzWLtDWm1SjNbpPb,Todd Rundgren
3WilJWdCNLSU7fpYjiKb7v,Cassidy
2mxe0TnaNL039ysAj51xPQ,R. Kelly
6Ff53KvcvAj5U7Z1vojB5o,*NSYNC
0rvjqX7ttXeg3mTy8Xscbt,Journey
59hLmB5DrdihCYtNeFeW1U,Glen Campbell
1BMb6sQJVkmUyCuodmRs2g,Oleta Adams
2qbLM1AGCjpzC3PcOFMFU5,Hagood Hardy
1Hsdzj7Dlq2I7tHP7501T4,Niall Horan
2DnqqkzzDKm3vAoyHtn8So,Uncle Kracker
3fMbdgg4jU18AjLCKBhRSm,Michael Jackson
0g3EsNvUCwgpsdkAiIC50W,Bettye Swann
7knQlwjtPZ9VP98f5XXhhn,Brenda And The Tabulations
3KpLtTMpLAko7nBDmiYg7Z,Force M.D.'s
3CkvROUTQ6nRi9yQOcsB50,Genesis
0dlwjJe4kg9TgOMN184bJF,Mark Wills
0dmPX6ovclgOy8WWJaFEUU,Kraftwerk
1RD6l0Su0sCzSHZGxPeU3d,The Silencers
4tw2Lmn9tTPUv7Gy7mVPI4,Kenny Rogers
0bcDOCWIbvWApEIB7l1uZ4,Eddie Harris
0kmwTkqKpMFSAeKyoUFDYj,Fiona
32LHRiof0sa4taYew9i3Fa,Dinah Washington
0u2FHSq3ln94y5Q57xazwf,Keith Urban
2cAOIxdet17VPqKd8PODGs,The Starlite Orchestra & Singers
3Y5abCLsMxsOLaZ8rYusSR,Pablo Cruise
13jRo2FyagCX9wrKIpOt46,M/A/R/R/S
4nZN9kln8toEzOifhWG2uF,Patti Page
5K4W6rqBFWDnAN6FQUkS6x,Kanye West
3nFkdlSjzX9mRTtwJOzDYB,JAY-Z
1sBkRIssrMs1AbVkOJbc7a,Rick Ross
3oDbviiivRWhXwIE8hxkVV,The Beach Boys
0fgtHVpOPfXb07S8Jx443z,Player
273A7R9wiZyELSDRw8HvIj,Switch
1n2pb9Tsfe4SwAjmUac6YT,Jake Owen
6H1RjVyNruCmrBEWRbD0VZ,Def Leppard
5q8HGNo0BjLWaTAhRtbwxa,Brantley Gilbert
6V7pNWhlJpD0s0bMdB1PU9,Stevie B
7mEIug7XUlQHikrFxjTWes,Neil Diamond
0yNy4CEOY4IqNGqCTf97dZ,The Spokesmen
0hrdLMGOZtvJCdiuXyzPYE,The Dixiebelles
2IZBX6voyaO4APMNOQIm19,Cornbread And Jerry
2FrKQPjJe4pVMZOgm0ESOx,SNAP!
3d2hJTVTwo08F9b0ZFQukJ,The Jeff Healey Band
1ffNa7yLg0ncUpBm5P03pm,Freddy Cannon
01zQA436fdUqmEWvljtzxr,Frank Chacksfield & His Orchestra
6fOMl44jA4Sp5b9PpYCkzz,NF
1KCSPY1glIKqW2TotWuXOR,P!nk
1rHh0AI30JhKrbzKIFjFNd,Jr. Walker & The All Stars
2uNpV18izVIP7DNusoWbT5,Bobby Hebb
1CgE69lpZKGAcA5kIIK82D,Maurice Williams
1HCE0pbqGLSvWaz5q4TeDd,The Zodiacs
790FomKkXshlbRYZFtlgla,KAROL G
0hCNtLu0JehylgoiP8L4Gh,Nicki Minaj
3Z1tibPKhUYWCno0IYicCN,John Parr
7CyeXFnOrfC1N6z4naIpgo,The Ronettes
5ZEAzHE2TzAwUcOj6jMIgf,Donny Osmond
4QQgXkCYTt3BlENzhyNETg,"Earth, Wind & Fire"
69Mj3u4FTUrpyeGNSIaU6F,The J. Geils Band
7qQJQ3YtcGlqaLg5tcypN2,Chubby Checker
0p4nmQO2msCgU4IF37Wi3j,Avril Lavigne
7juKTDFlPesGeWQ1GmjmOv,Silentó
6i6WlGzQtXtz7GcC5H5st5,10cc
20JZFwl6HVl6yg8a4H3ZqK,Panic! At The Disco
26dSoYclwsYLMAKD3tpOr4,Britney Spears
49qiE8dj4JuNdpYGRPdKbF,Stone Sour
55vs7NT1KxcFjbMC4y202E,REO Speedwagon
4ZeqFaMDjGUe1IHJznXUbr,Jim Photoglo
7HLvzuM9p11k9lUQfSM4Rq,Warrant
6LK7EEHFApe9FZbFRFyBDN,The Newbeats
64vw6q9ZBTop3Tf2ol1x4U,The Crests
1pXoY8oTJtPVGsrB4jmCRw,Johnny Maestro
6iA5wBxxMxUMr9a4fnJd34,Debra Laws
17vIaBTHJOVxnU4v7t1DiY,1910 Fruitgum Company
3WrFJ7ztbogyGnTHbHJFl2,The Beatles
6IE6z7DcZIT4Ml3Fh5Ivch,Selena
6eUKZXaKkcviH0Ku9w2n3V,Ed Sheeran
3iDD7bnsjL9J4fO298r0L0,Chicago
1KXwUKaBcLySwrCSsOa0aa,Chicory Tip
7gi3jmwpUpNWdswT8eEprF,Conway Twitty
2sd9Q3r0Jhqpe3w9WVuG43,Crystal Waters
1LZEQNv7sE11VDY3SdxQeN,Bee Gees
02Xpf8IlAGeelWAQZP33kQ,Boy Meets Girl
266SmBZTt4zRzaKEANWbfQ,Adina Howard
0lZoBs4Pzo7R89JM9lxwoT,Duran Duran
3lPQ2Fk5JOwGWAF3ORFCqH,John Mellencamp
5gznATMVO85ZcLTkE9ULU7,Lenny Kravitz
5QKYeEDsNp6ScBnkGdfrx9,David & David
0N0d3kjwdY2h7UVuTdJGfp,Cascada
0MPtuQaV2GiRdLjAkPOaan,Little Milton
1HY2Jd0NmPuamShAr6KMms,Lady Gaga
4VIvfOurcf0vuLRxLkGnIG,Bradley Cooper
4IWBUUAFIplrNtaOHcJPRM,James Arthur
4L1z1IcfK7lbqx8izGHaw5,Juice Newton
0c08N8UlFjDaup9TNDaWxy,Sonny James
5iAUyEtaKVbqz3TDhXsz2H,Kathy Dee
1dfeR4HaWDbWqFHLkxsg1d,Queen
7wlFDEWiM5OoIAt8RSli8b,YoungBoy Never Broke Again
0auxGqduSBWubpKjjSNKLr,Doctor & The Medics
2owAqJG3UT1Qel0oW0ote7,Keith Colley
7y70dch6JuuuNnwlsOQvwW,Nitty Gritty Dirt Band
1k8VBufn1nBs8LN9n4snc8,Stereo MC's
7bNoMfBqbaLJrfH3Vw1q6L,The Elegants
0TImkz4nPqjegtVSMZnMRq,TLC
1bs7HoMkSyQwcobCpE9KpN,The Mamas & The Papas
0PDqlUGugF5Jt6DZyATvfz,Betty Wright
0BvkDsjIUla7X0k6CSWh1I,Luke Bryan
6dQgkiJm1fRkcqKOvPzysr,Brownstone
7fmKtIgmxqNEKjATioVNsu,Pat Boone
6kz53iCdBSqhQCZ21CoLcc,Culture Club
2y8Jo9CKhJvtfeKOsYzRdT,Rod Stewart
1Tdrtr2WwDDde01GJllidM,Trick Pony
3j7Sw80qzL2FJlryUhI3wG,Shabba Ranks
4AK6F7OLvEQ5QYCBNiQWHq,One Direction
2WvLeseDGPX1slhmxI59G3,Robin S
71lGEtP9qYXDsSXjfexTqO,Sonny & Cher
1RyvyyTE3xzB2ZywiAwp0i,Future
6Bfy6QzadCXS92y0T8dDZF,Eddie Floyd
6RWnslEkqboHbDg0OUabe5,Mandrill
3Mcii5XWf6E0lrY3Uky4cA,Ice Cube
5lkiCO9UQ8B23dZ1o0UV4m,Jackson Browne
0Ma8KxtvoIDSU5fHtuTS9F,The Vogues
1UdQqCUR7RwB9YYJONwbdM,Trapt
7jVv8c5Fj3E9VhNjxT4snq,Lil Nas X
7EK1bQADBoqbYXnT4Cqv9w,John Denver
16eRpMNXSQ15wuJoeqguaB,The Flaming Lips
53A0W3U0s8diEn9RhXQhVz,Keane
0Jeckitay8SbvKwqAzWuYH,Big Mountain
0I5HubncQ8E1MFZOlPDY4J,Trinidad James
7d8R11w4QG2ihJeTaZq37F,Donny & Marie Osmond
2Uuon75BhnuuxdKLYn4wHn,Eddie Kendricks
0YrtvWJMgSdVrk3SfNjTbx,Death Cab for Cutie
1Kpw1Yu7PGX4iqfmL1qbJ0,Richard Chamberlain
2iE18Oxc8YSumAU232n4rW,The Jackson 5
3EY5DxGdy7x4GelivOjS2Q,Connie Francis
0MBIKH9DjtBkv8O3nS6szj,"10,000 Maniacs"
522yoVmanZmrgK5qy3GyRK,Bloodrock
6LuN9FCkKOj5PcnpouEgny,Khalid
6nS5roXSAGhTGr34W6n7Et,Disclosure
5WUlDfRSoLAfcVSX1WnrxN,Sia
3rIZMv9rysU7JkLzEaC5Jp,Snow Patrol
1fBCIkoPOPCDLUxGuWNvyo,Poison
5sAg1HZePcFfhrs0G8A8OP,Ray Price
3SIW6eVIZSz9V05WsaKIr3,Joey McIntyre
1Q4owXd4g9XfHNykUm6GJh,The Movement
0tCtGc5vt29zFZp6KXzN50,Beanie Sigel
2Jwr7hGoSNK3S3QBxh3T0z,Freeway
5dcOK4stT4JDkP6Dqhbz5s,Sheena Easton
6LXtFndRkOihPIa2dWY3FH,Kalin Twins
4FtSnMlCVxCswABUmdhwpm,Carly Simon
1yjuFciXmV3NaPCzwwHclC,The Bucketheads
4salDzkGmfycRqNUbyBphh,Styx
34jw2BbxjoYalTp8cJFCPv,Heart
1T0wRBO0CK0vK8ouUMqEl5,Tom Jones
6LYeatSMMLGVN0DPtMkmTM,Father MC
4X5sDGyZvekLEEbM1bm7GD,Robin Ward
3FUY2gzHeIiaesXtOAdB7A,Train
4BoRxUdrcgbbq1rxJvvhg9,Olivia Newton-John
34E3csCxpXunPGEkOVVX2g,Albert Hammond
1eOE3eEJL7vPDoe4cwm5q0,The G Clefs
0U2mUJuJkthantMGmsJygP,Jerry Butler
6aZyMrc4doVtZyKNilOmwu,Colbie Caillat
20p5D2KrE8CGuOjHtxsyTp,Fine Young Cannibals
51d3rUlLuMh7EW09aMe7yj,B2K
23LbwefIODbyGdRbAz3urj,Yung Joc
14J79DfdiKcztA7WrrpqIP,NITTI
25pwh5JrKHzLv2FTPSvoqa,Vicki Sue Robinson
6TKOZZDd5uV5KnyC5G4MUt,Smokey Robinson & The Miracles
7Ey4PD4MYsKc5I2dolUwbH,Aerosmith
0DAqhikcMKLo2lPADVz2fs,Jay & The Americans
5pKCCKE2ajJHZ9KAiaK11H,Rihanna
1QAGLCom3FHTTiuRFsjzOj,Carla Thomas
0GByy3DcfbQwDvXGCWmzv9,Pretenders
6zmLTiN3NBNCDECRbbJKkT,The Fabulous Thunderbirds
4dNs4gsyisVixgpkjyvD8D,The Esquires
3UVRliakQfa1pMWIsNuiZ8,Musiq Soulchild
67RWyN1fDOu7WuSTIi5hE7,Shaquille O'Neal
3JhRHqCi8HEzkJVWt19LtN,Stephen Bishop
0C0XlULifJtAgn6ZNCW2eu,The Killers
3YmywXnB2RxQ9IvUzZqvo9,Aaron Lines
2y84iEkH5jHZcou93YUSXE,Syndicate Of Sound
0L8ExT028jH3ddEcZwqJJ5,Red Hot Chili Peppers
5gxynDEKwNDgxGJmJjZyte,Steve Winwood
7H6dkUChT5EoOQtUVMg4cN,Hunter Hayes
3KV3p5EY4AvKxOlhGHORLg,Jeremih
0YWxKQj2Go9CGHCp77UOyy,Fabolous
4VnomLtKTm9Ahe1tZfmZju,Jackie Wilson
7crPfGd2k81ekOoSqQKWWz,Stevie Nicks
7bu3H8JO7d0UbMoVzbo70s,The Cure
1R6Hx1tJ2VOUyodEpC12xM,Jim Croce
6PAt558ZEZl0DmdXlnjMgD,Eric Clapton
01W8kYNqFHyKicPfR0pLwO,England Dan & John Ford Coley
1mYvu9huHeR7ho3iGAgCsn,The Dynamics
1co4F2pPNH8JjTutZkmgSm,Ramones
3HC7NcxQx2Yk0fWoRKJ0xF,Jefferson Starship
7o95ZoZt5ZYn31e9z1Hc0a,Natasha Bedingfield
53QzNeFpzAaXYnrDBbDrIp,The Isley Brothers
6qI4LTzMRpTxRzMZPvv2C6,Peaches & Herb
2gdX1GbQ8sljsTVwDaIpkc,Nu Flavor
4nQSjiDD7asXlRBCD1uqWA,Steve McDonald
2kCO8LXN1usaOPL3iEE28I,Tai Verdes
1mfDfLsMxYcOOZkzBxvSVW,Cole Swindell
55qiaow2sDYtjqu1mwRua6,New Kids On The Block
5jit9WjiAxxvdA0onOHBLd,Daryl Hall
1sXbwvCQLGZnaH0Jp2HTVc,Linda Ronstadt
4O15NlyKLIASxsJ0PrXPfz,Lil Uzi Vert
3gMaNLQm7D9MornNILzdSl,Lionel Richie
3qbnxnvUqR14MJ9g8QwZJK,Lonestar
2YZyLoL8N0Wb9xBt1NhZWg,Kendrick Lamar
4PI5IHRvANLL76O5gRmGKL,Blue Cheer
0543y7yrvny4KymoaneT4W,Peter Frampton
1FizW0swe8ODtXvEOHXbHX,LFO
3aVoqlJOYx31lH1gibGDt3,Babyface
2cnMpRsOVqtPMfq7YiFE6K,Van Halen
3sFhA6G1N0gG1pszb6kk1m,Wings
43ZHCT0cAZBISjO8DG9PnE,Elvis Presley
08GQAI4eElDnROBrJRGE0X,Fleetwood Mac
319yZVtYM9MBGqmSQnMyY6,Carole King
7arQA31aZVS8yS6zUveWzb,CJ
2FMZn5P3WATd7Il6FgPJNu,Buck Owens
5pBljwfwnohfSNDXixEYHm,Mary Hopkin
09xC3MewWz48F1OpYckXTZ,Jomanda
1Ov9t7KbQF0oz9B4JsMfV2,Ian Hunter
55Aa2cqylxrFIXC767Z865,Lil Wayne
2cADQgiLMjNhbsfeN52Bf3,Swizz Beatz
2ZqXK2gIDbfE7aOvkNObPW,Billie Myers
53I5L1MaOYGfbRM1uZ80xg,Terri Gibbs
1UjTUqWfGkof4L5HO5NmzP,Kenny Lattimore
6FBDaR13swtiWwGhX1WQsP,blink-182
31TPClRtHm23RisEBtV3X7,Justin Timberlake
4Js9eYwAf9rypNtV8pNSw9,Petey Pablo
3EhbVgyfGd7HkpsagwL9GS,Alice Cooper
05oH07COxkXKIMt6mIPRee,Brandy
2oX42qP5ineK3hrhBECLmj,Andy Grammer
6YROFUbu5zRCHi2xkir5pk,Brian Hyland
6GI52t8N5F02MxU0g5U69P,Santana
7d7q5Y1p2QWS4QRAhTQR5E,Anne Murray
2RTUTCvo6onsAnheUk3aL9,3 Doors Down
67ea9eGLXYMsO2eYQRui3w,The Who
6ZLTlhejhndI4Rh53vYhrY,Ozzy Osbourne
2kucQ9jQwuD8jWdtR9Ef38,Sam Hunt
7eRORqxEbt7ftbaaWP0k5v,Tommy James
6bJUzb3mLEYCkTAp7eNJgO,Information Society
2JyxVsEiD9HVRM7CtFaLCK,Timi Yuro
4t52ndk0OkAxtb4vMDLPhe,Daryl Braithwaite
1iBpJEBrSFXCtPOc5OUZiY,Ed Ames
246dkjvS1zLTtiykXe5h60,Post Malone
4AcHt3JxKy59IX7JNNlZn4,Fitz and The Tantrums
01Ppu7N8uYJI8SAONo2YZA,Melissa Etheridge
5JZ7CnR6gTvEMKX4g70Amv,Lauv
7vCtweS8UVAXTyau2j0rDT,Josh Turner
7K78lVZ8XzkjfRSI7570FF,José Feliciano
4hKkEHkaqCsyxNxXEsszVH,John Travolta
4MVyzYMgTwdP7Z49wAZHx0,Lynyrd Skynyrd
6clbbhnIqpHnqxwtOWcilg,Little River Band
6deZN1bslXzeGvOLaLMOIF,Nickelback
3HQyFCFFfJO3KKBlUfZsyW,Randy Newman
4xFUf1FHVy696Q1JQZMTRj,Carrie Underwood
3plJVWt88EqjvtuB4ZDRV3,Ben E. King
10yNnmMFF3U0MW7oeG3bFr,France Joli
3klZnJvYGIbWritVwQD434,Duncan Laurence
09hVIj6vWgoCDtT03h8ZCa,A Tribe Called Quest
2DGyhsOLrggY3ORo3GZNf0,Trugoy The Dove
4MoAOfV4ROWofLG3a3hhBN,Jon Pardi
3FZn8Z2B7mfaSOU8NE62KR,David Ruffin
30q5mqJmdYPaKabPMytzvv,The Intruders
5jWuVnPLmjABrgCGianzs9,Brass Construction
04gDigrS5kc9YWfZHwBETP,Maroon 5
0NyzfcGDZZ6GM25EBG9BYK,Ray Parker Jr.
4N8BwYTEC6XqykGvXXlmfv,George Benson
2W8yFh0Ga6Yf3jiayVxwkE,Dove Cameron
4uBD3fsHzb3IpOTGpicsbH,Cameron Boyce
4A6cd63FWHbCLqk9mtGUZZ,Booboo Stewart
7bp2lSdh12wcA8LyB1srfJ,Sofia Carson
3xvaSlT4xsyk6lY1ESOspO,Disney
3alW3LYQS8K29z8C8NSLIX,Barry Manilow
66pXn4ZrPf6yzk5PHGkUZA,Seduction
2UQwwYBLBvtpGHTMYzTgHi,Chad & Jeremy
7A9yZMTrFZcgEWAX2kBfK6,Huey Lewis & The News
0Y5tJX1MQlPlqiwlOH1tJY,Travis Scott
70tMW5bZT3TJUa1CWtfVkq,Eric Burdon & the Animals
3MdG05syQeRYPPcClLaUGl,Diana Ross
5p7f24Rk5HkUZsaS3BLG5F,Hailee Steinfeld
09C0xjtosNAIXP36wTnWxd,Fats Domino
13YmWQJFwgZrd4bf5IjMY4,Brad Paisley
5v74mT11KGJqadf9sLw4dA,Cannonball Adderley
5ksRONqssB7BR161NTtJAm,Ace of Base
5IOstYUATS0EQ77A1DG7gy,Little Caesar
6tbjWDEIzxoDsBA1FuhfPW,Madonna
7GaxyUddsPok8BuhxN6OUW,James Brown
163tK9Wjr9P9DmM0AVK7lm,Lorde
6lLYZf9GpSq6Pf09g2N2xK,Wreckx-N-Effect
7guDJrEfX3qb6FEbdPA5qi,Stevie Wonder
0eDvMgVFoNV3TpwtrVCoTj,Pop Smoke
63eNjNGaOdu9zPJzyDF9fl,The Baja Marimba Band
58CohJpaPmE4H0fXEAnt4i,Jimmy McCracklin
3ciRvbBIVz9fBoPbtSYq4x,Lil Jon & The East Side Boyz
5einkgXXrjhfYCyac1FANB,Lil Scrappy
6ltcwvni6HdZAJaWhmIvNR,Gino Vannelli
2zyz0VJqrDXeFDIyrfVXSo,Jerry Lee Lewis
3GBPw9NK25X1Wt2OUvOwY3,Jack Johnson
5PokPZn11xzZXyXSfnvIM3,Lifehouse
6XJ5IHDtW2OkjtwVllkANt,Shaun Cassidy
3grHWM9bx2E9vwJCdlRv9O,Kenny Chesney
2cFrymmkijnjDg9SS92EPM,blackbear
6cStgiv1qH5z6GYrFsjuGj,Toya
4gpDA7R5796e6zbvZxGNga,Shawnna
5NGO30tJxFlKixkPSgXcFE,The Police
6O74knDqdv3XaWtkII7Xjp,Boyz II Men
10n1KB2sjTrGdyuC83y8jW,Jon Secada
49Cw140t9jupn4S3udehoP,Y&T
1UUYAQ9LiRsZF0ZukQNWXM,The 5th Dimension
0AuW7OCyKfFrsMbtHrYgIV,House Of Pain
7gOdHgIoIKoe4i9Tta6qdD,Jonas Brothers
3jOO5nZ2XPmc232rNjzqJy,When In Rome
7vWlb4pM85jCHvV771qZZW,Tony! Toni! Toné!
0grdhNhiRLFBaFVyybqsj6,Richard Marx
0xL0ZB2mnlEi7gga3EMAbe,ProTracks (Karaoke)
7nwUJBm0HE4ZxD3f5cy5ok,Aretha Franklin
6XpaIBNiVzIetEPCWDvAFP,Whitney Houston
3CygdxquGHurS7f9LjNLkv,Little Big Town
0Z8XVUAOBPM4x12wKnFHEQ,Parker McCollum
78udmCDNaDu5jqfVnBqwia,Melissa Manchester
6qqNVTkY8uBg9cP3Jd7DAH,Billie Eilish
0NKDgy9j66h3DLnN8qu1bB,Eurythmics
5MspMQqdVbdwP6ax3GXqum,Annie Lennox
7gcCQIlkkfbul5Mt0jBQkg,Dave Stewart
1sCa5KANHoHo4NuGextoI9,Bill Engvall
2M4Yt7oKGoYd0wqU44k4i2,Travis Tritt
0jYKX08u1XxmHrl5TdM2QZ,Lulu
5dbuFbrHa1SJlQhQX9OUJ2,Don Henley
01QTIT5P1pFP3QnnFSdsJf,Lupe Fiasco
5PjekOABtfU2Kwo0AHVmci,Guy Sebastian
3FfvYsEGaIb52QPXhg4DcH,Jason Aldean
7dGJo4pcD2V6oG8kP0tJRR,Eminem
77tT1kLj6mCWtFNqiOmP9H,Daryl Hall & John Oates
0ty0xha1dbprYIUAQufkFn,Patti LaBelle
24hJWbo98sH84tb0nkeaqy,Michael McDonald
6w6z8m4WXX7Tub4Rb6Lu7R,Jethro Tull
0HoeFrrKutiio4HJtXN0Sn,Christie
0ecbvwhuhiEAWOLHlRXpqD,STEELHEART
5rOhfAsK4uxq9OdREiQRKa,Dan Hill
6jGMq4yGs7aQzuGsMgVgZR,Lil Tjay
6GMYJwaziB4ekv1Y6wCDWS,Soulja Boy
4DP9zIr6Htbun1GgKqrUks,The Music Machine
3gKPME3EjakIpyBUZrWPTh,GIANT
2DzRMyWgjuMbYvt5BLbpCo,Anthony Hamilton
6IRouO5mvvfcyxtPDKMYFN,Foreigner
73CmW7Heo8CxnYXydAs6qc,Kathy Troccoli
43sZBwHjahUvgbx1WNIkIz,Creed
1l7ZsJRRS8wlW3WfJfPfNS,Christina Aguilera
6waa8mKu91GjzD4NlONlNJ,The Hollies
4958loju8eTBhBFO32oWQ6,Mercy
1n0pe6Cx9pCNvXYkX9TTLX,Real Life
7dnB1wSxbYa8CejeVg98hz,Meat Loaf
2hl0xAkS2AIRAu23TVMBG1,Kansas
3TOqt5oJwL9BE2NG9MEwDa,Disturbed
4QmkLL9JOqM9dusHS1Hghe,The Searchers
19ra5tSw0tWufvUp8GotLo,George Michael
1XkoF8ryArs86LZvFOkbyr,Mary J. Blige
29NJ6VbDPYhqdXXANEwHc7,Jigsaw
07YZf4WDAMNwqr4jfgOZ8y,Jason Derulo
22bE4uQ6baNwSHPVcDxLCe,The Rolling Stones
6nDLku5uL3ou60kvCGZorh,Bloodhound Gang
2kuNswDC82PL9xRbfaZJaS,The Association
5IFCkqu9J6xdWeYMk5I889,Gloria Estefan
0WwSkZ7LtFUFjGjMZBMt6T,Dire Straits
7H55rcKCfwqkyDFH9wpKM6,Christina Perri
3VNITwohbvU5Wuy5PC6dsI,Kool & The Gang
2dd5mrQZvg6SmahdgVKDzh,PSY
18xgcedCGxFbqLbIQn5R8F,Miami Sound Machine
2jS7I1u7BpgWT9ssG62Zr1,Lisa Stansfield
6Ufm4BHf4ZdolpvcvYgH2S,Ian Devaney
0A1FSG9WZ2dQ5JSkQYJHIp,Andy Morris
23zg3TcAtWQy7J6upgbUnj,USHER
3mQBpAOMWYqAZyxtyeo4Lo,KC & The Sunshine Band
7xAcVHPiirnUqfdqo0USb1,Fantasia
0XTxadWXVyfB8eTIYOjMYj,Gary Lewis & The Playboys
01Wck2m10xhdxUrLaMq60y,Rene & Angela
2bPM7UBUWPtlRyIh5d0MlC,Felice Taylor
7uhvDINTTiD0XBrP9fquN1,The Hooters
3AuMNF8rQAKOzjYppFNAoB,Kelly Rowland
7lcxoY1XE4kitd6d6CFPNl,Kathy Linden
2ICSjfBpos9PxMhGhX25N2,Concrete Blonde
5xQKoGD7Ql92fWd1uWwKkf,Steve Perry
1P8IfcNKwrkQP5xJWuhaOC,LL COOL J
1I8A3N4AgFS3geeMC8uh8I,Jon Astley
360IAlyVv4PCEVjgyMZrxK,Miguel
6nzxy2wXs6tLgzEtqOkEi2,Monica
2lolQgalUvZDfp5vvVtTYV,Tony Bennett
6cXMpsP9x0SH4kFfMyVezF,Josh Groban
3DvdryKH4O95ZnsUZJKXpt,Maze
6rXycobs8wkWicUGLtmB0n,Frankie Beverly
2nKxxoSMqEMPxWNfHTRDUW,Anita Cochran with Steve Wariner
45S8rtgQSxj1a0tzCNhSeD,Steve Wariner
4ihWkKDRxQFy33afJaI95y,TKA
530Sdm7eqqzWBdDmILMgnu,Robert Palmer
5q4AzEtCoYJyXjMMoEkSU5,Bachman-Turner Overdrive
3cniTumSiUysiPWXapGx1i,Cutting Crew
11EZGTWr2pY0VZPlWokAbl,The Originals
4UXqAaa6dQYAk18Lv7PEgX,Fall Out Boy
13saZpZnCDWOI9D4IJhp1f,Lily Allen
1yZwlOVsfrp4wb6d29KkGM,DJ Luke Nasty
1xuHClal8p5s4nFkkdqbzv,Al Corley
5Y5TRrQiqgUO4S36tzjIRZ,Timbaland
73sSFVlM6pkweLXE8qw1OS,Ricky Nelson
4dpARuHxo51G3z768sgnrY,Adele
1urjDGTd4iBze91Z1W1gu7,Total
1QPZhx0asYTBxD5RDqfU49,Black Rob
3b8QkneNDz4JHKKKlLgYZg,Florida Georgia Line
6M2wZ9GZgrQXHCFfjv46we,Dua Lipa
77kFYakkBOUyJaVHwqktGU,The Storm
5y2Xq6xcjJb2jVM54GHK3t,John Legend
58lV9VcRSjABbAbfWS6skp,Bon Jovi
2WV4xLQooFalR2cit0XSKp,Jennifer Nettles
6B5c4sch27tWHAGdarpPaW,Seether
568ZhdwyaiCyOGJRtNYhWf,Deep Purple
7hmcMqYh4ypnXk0ptFTG3g,Drupi
7emRV8AluG3d4e5T0DZiK9,Loggins & Messina
4TKTii6gnOnUXQHyuo9JaD,Sheryl Crow
6ra4GIOgCZQZMOaUECftGN,Frank Zappa
5R17AqDSgs8KSIOhTvPWwu,Moon Zappa
0KMLfCXYb3Dhf1hLpu8cVd,Midnight Star
4Otx4bRLSfpah5kX8hdgDC,Naughty By Nature
6roFdX1y5BYSbp60OTJWMd,Tim McGraw
5IcGbIAgdns0R5EJKHMjCQ,LOCASH
4E9w0bms6HcEppFlWjeW2d,Bobbie Gentry
4cPHsZM98sKzmV26wlwD2W,Brenda Lee
5oMWW19j0AXl7Sy4Xn9rmg,Bobby Freeman
28pS8WVbFstY0o1SrqCf8I,Firehouse
3ap1NzHNV9QA1x1V6z3gSe,Gene Pitney
0UeVxCKyBypjQvDCT889zt,Mr. Cheeks
7FAkzV0YOw0EIXFhmY4RE3,Jermaine Stewart
4aSEmLLxLX9wR5aLMllOKj,Los Lonely Boys
0FcmRWJUfnCuwoXE1H2b0H,Restless Heart
6oV3BNm1Gj2GGgpYknc5TN,George McCrae
51l0uqRxGaczYr4271pVIC,The Bangles
1tfXh4XxILEuMU2qZupFn8,Firefall
2DlGxzQSjYe5N6G9nkYghR,Jennifer Lopez
3RwQ26hR2tJtA8F9p2n7jG,The Temptations
0yz7Rmzzs6xB5eCAVj33A5,Smith
35SkZMI5CPiCude4FW45O9,Rosco Gordon
3z6Uf5IZkN4TogRpRpgD84,Gary Wright
6EJmqnuK0r6qiAevFFiNNR,Paul Davis
6twIAGnYuIT1pncMAsXnEm,Commodores
4HVmeVTQBgvTuvjB1JYwaf,Gilbert O'Sullivan
485uL27bPomh29R4JmQehQ,Bob Seger
1ObAu0tz0NlOI6FNHTXchD,Tommy Edwards
3VJakY5Yw5phAOF4Bada5v,Quarterflash
6sOP8RUFR0q0nBOBOXGdBK,Melanie
0qEcf3SFlpRcb3lK3f2GZI,Grand Funk Railroad
5tTsrGPwQRWUsHR2Xf7Ke9,Natalie Cole
3FxBwdg0z5WkLdlAbe7GHq,The Ritchie Family
3r9TXuXfOUxXjgYgAR0fP8,Bay City Rollers
0LcJLqbBmaGUft1e9Mm8HV,ABBA
36msvw9B10rxW90NSQ2794,Johnny Tillotson
74ASZWbe4lXaubB36ztrGX,Bob Dylan
12Kgt2eahvxNWhD5PnSUde,Mary Mary
5zctI4wO9XSKS8XwcnqEHk,Lil Mosey
34PLzyi7CdXUekiLHYyqXq,Men Without Hats
702AvACMk5mieXIYlC2Gxx,Pebbles
51Blml2LZPmy7TTiAg47vQ,U2
4STHEaNw4mPZ2tzheohgXB,Paul McCartney
4lxfqrEsLX6N1N4OCSkILp,Phil Collins
7ihLzUpuNecU5VBkvOUDNq,Damn Yankees
5MsnoFODDc5nxWrjm99Zew,The Four Preps
4yiQZ8tQPux8cPriYMWUFP,Gwen Stefani
0TF2NxkJZPQoX1H53rEFM1,Gladys Knight & The Pips
0WxOgeRxUt0MwPrI7A5atQ,King Curtis
0h9smro0z3HqUbD94jotU8,Smokey Robinson
4dgYLAyKDaPKYiz3GRWtcF,Barbara Mitchell
3q8tRS0hCMVCylgKAoA0ya,Stacey Q
0RpddSzUHfncUWNJXKOsjy,Neon Trees
7FlUCXHUxNEOk2exJUiqp1,Robert Parker
3Z02hBLubJxuFJfhacLSDc,Bryan Adams
0vYQRW5LIDeYQOccTviQNX,Kris Kristofferson
7IfculRW2WXyzNQ8djX8WX,Erykah Badu
0ZAibQ1lZh5UbUaQybsn62,Cast Of Rent
23C7hNBr8GRdsk3VoTSZXh,T.G. Sheppard
3JJYPOCM13Id9iZHtkwkI5,Eddie Hodges
1G9G7WwrXka3Z1r7aIDjI7,Outkast
2JyWXPbkqI5ZJa3gwqVa0c,Craig David
5rScKX1Sh1U67meeUyTGwk,Michelle Branch
5MX2l6ewjOaeWn1lYNhzlO,Bobby Vee
3eqjTLE0HfPfh78zjh6TqT,Bruce Springsteen
66CXWjxzNUsdJxJ2JdwvnR,Ariana Grande
4YPqbAiLzBg5DIfsgQZ8QK,Andy Gibb
4nts0oxMT67lVUoi5Kjxrb,Solomon Burke
06HL4z0CvFAxyc27GXpf02,Taylor Swift
5QsUbpxSE8lCZ5ga5rnD22,Eddy Arnold
52uMkSFt2RVO6XxTEt5VeW,Gene Chandler
71pUA2TXf3JHUPUgsjLtuL,Kim Weston
05RZIdfz59ZW2FvFuwnmNK,K-Ci & JoJo
3O7IxMv6D9iFICSUa5w9X4,Chuckii Booker
1zK4ACgLi1lVPpfmmcwOTh,DC Talk
5qtdcfmOeoM8S9IdhvGlXG,Shae Jones
6w7fc6IZlo5zwBaKT5jU1X,The Lemonheads
6mRev5KzKOgQcZjWanwBdd,The Escape Club
75jNCko3SnEMI5gwGqrbb8,Tammi Terrell
0N5PyKJzS3M1XNlaCL7bbE,Wilson Pickett
2AM4ilv6UzW0uMRuqKtDgN,ZZ Top
2VrP5BkyzDhY43dWMlaYjD,Joshua Kadison
0oSGxfWSnnOXhD2fKuz2Gy,David Bowie
4FrUg4jMTAlZHhBsOIYGJV,Shep
2pEAs011HTyChRqX8VR8lW,The Limelites
6Sb8EHpZvyjSTT5KD9DjUZ,Ronnie Milsap
3CGgGfN7DU2GBlGbsibJD3,The Sherbs
3S34Unhn5yRcaH5K9aU5Et,Candi Staton
0uq5PttqEjj3IH1bzwcrXF,Spice Girls
5TbXjzD8tYgMD5JU2g2F8q,Joe Tex
1nDqTUspmq8IXhcEZT93iq,Lee Ritenour
3gdIwZY6Q3RXhDteYr4ZvC,Sophie B. Hawkins
0iBgDj1dAWyi7R5J6KYXJM,Damian Dame
3qEzkkBwK5vKVggMiZYOWa,L.A. Reid
2qk9voo8llSGYcZ6xrBzKx,Kings of Leon
7hm0Ngouir56yhbzXu9yRH,Keith
7ceUfdWq2t5nbatS6ollHh,Paul Anka
4tpUmLEVLCGFr93o8hFFIB,Blondie
0cc6vw3VN8YlIcvr1v7tBL,Mötley Crüe
7peqq4aACFkBwIWGG0YRJ9,Monifah
4VhL8KLjVso4vLfOLVViTb,Bridgit Mendler
7y1GT7SdgGiFLWoktv2TSw,BBMAK
49e4v89VmlDcFCMyDv9wQ9,Dean Martin
3AHq6rutf72JF0ul8GB6G2,The Jets
4UPcJIhr5K5fPsm4itqT7E,After 7
6sFIWsNpZYqfjUpaCgueju,Carly Rae Jepsen
7dmeVSH4lJqxXU7C87dKIB,Tanya Tucker
2rc78XDH9zuJP6bm78lU8Z,Derek & The Dominos
3BmGtnKgCSGYIUhmivXKWX,Kelly Clarkson
0RKP52f5PNDCRZ9Luq2Sr7,Jerrod Niemann
3Y3xIwWyq5wnNHPp5gPjOW,Kenny Loggins
7KMqksf0UMdyA0UCf4R3ux,James Blunt
2Y36dqR145FjTKUjibEcjO,Enuff Z'Nuff
0MsXN56oNCyqorqEPViWgQ,Carlos Santana
2E9nO9Zav9FjjlFVVtMWdw,Buddy Miles
3qm84nBOXUEQ2vnTfUTTFC,Guns N' Roses
4gzpq5DPGxSnKTe4SA8HAU,Coldplay
0cA5Tg15TwARIRZeiNT1RO,Dan Fogelberg
5lpH0xAS4fVfLkACg9DAuM,Wham!
1nSRa2YjjFWJLHGKM07oGQ,Blaque
00f43SIUld0KU349dnwsmC,Randy Meisner
26LmRGHptm85F27BZwOSt7,Vic Dana
3KwmxIhSe9UTSEF37kwngR,SHAED
7Js6Lde8thlIHXggv2SCBz,Europe
1XXDpHuXEOhNiC0rIrMfr9,Jimmy Gilmer & The Fireballs
2AQjGvtT0pFYfxR3neFcvz,Jordin Sparks
6vWDO969PvNqNYHIOW5v0m,Beyoncé
4toJT7YydhWcrYNgWJK4hW,Five Star
7C4sUpWGlTy7IANjruj02I,Peter Gabriel
3pHeBYl1yujXcZqqfF1UyQ,Blues Traveler
5PVlrxc9rQMfzZACGYv2Ns,Larry Finnegan
4sj6D0zlMOl25nprDJBiU9,Andy Williams
4zmxet3ZPdSmL3Xyv1Wegb,The Buckinghams
7LTzUnZaptYfAFmvqW5M6D,Limahl
79morm50T71u4BvK8yAe2j,Don & The Goodtimes
6AVLthptCPhfrxlHadOBJD,Jill Scott
6V03b3Y36lolYP2orXn8mV,98º
0XawOhZ28ajmIWwPpRJuDA,The Poppy Family
16AJvLZdw3lK1VTBrJjEt0,Terry Jacks
6GH8lDgqqfg1KSDfFRFGzK,Susan Jacks
0hnmRa5ahunapQbPjKUbMK,Sunshine Anderson
6gkWznnJkdkwRPVcmnrays,Sister Sledge
5gI33iEWzSZqDZeVOwfJVi,Sandy Nelson
1Xyo4u8uXC1ZmMpatF05PJ,The Weeknd
5OfhOoKunSnuubxxRML8J3,Mr. Big
7bKupnlF7XOfR1En3K8oAL,Go West
47zz7sob9NUcODy0BTDvKx,Sade
0WbeGaye1H1KUdYWzYlTmk,Dru Down
4sh4MHP7lhrSUakxwZzwqz,Bruce Cockburn
7FgMLbnZVrEnir95O0YujA,Five For Fighting
5UloVKzUNJcjORzhhTWWiJ,The Karaoke Channel
46CH1Gp8l8QVly8bpG9JFG,Anita Baker
4qwGe91Bz9K2T8jXTZ815W,Janet Jackson
2etWSM1cPeITq5E2bEK8PW,Silk
5x5aoKBB8MuJRoV7fjTFAx,Mickey Newbury
7mu52yh5bBhhJOyVndAEZW,Cleopatra
72NXpYBIaTfEeAAsxXLs0P,Tony Orlando & Dawn
2PhudjhDxGsEjORrODdI3o,The Partland Brothers
6k0IBR0lU42s2GYpNX7kA9,Brian McKnight
4hJTgr1adnhIkhmD9jLzd6,Bobby Rydell
21LGsW7bziR4Ledx7WZ1Wf,Johnny Mathis
5jNGQ7VOU87x5402JjhTtd,Deniece Williams
3aahGWIXwvG1fxduXjimtl,Jay Ferguson
3TiISqKS6ESlMQ4WFfZJw2,Johnny Rivers
2r8r62VGJKGi463aH1HJUZ,Kirko Bangz
48nwxUvPJZkm8uPa7xMzmj,"Bobby ""Blue"" Bland"
5kZDCAD5zLelf8NYHoRSHS,Sammi Smith
3sMYEBy0CZFxedcnm9i9hf,Frankie J
545idYhdloaSlLGBY8E9u2,Cameo
0reZZVbAPxgX1Rqj6XbWj3,Bob Welch
1uNFoZAHBGtllmzznpCI3s,Justin Bieber
4akybxRTGHJZ1DXjLhJ1qu,Kirk Franklin
4njdEjTnLfcGImKZu1iSrz,AWOLNATION
5xLSa7l4IV1gsQfhAMvl0U,B.B. King
0hEurMDQu99nJRq8pTxO14,John Mayer
4zKhX6hYCQPNs406umP9Fx,O-Town
2bK1rpFhmGkImiZNuUyHVT,Ideal
3c8WoNjBfyLJhFObE6RHgs,Del Shannon
5xtqw2B8z8JGfDYi2eAZHI,Sonique
0gDg7FEsF4Y1jWddJJgcn4,The Rembrandts
7CyJIUpcWZK2zFM6gKLKvD,Andy Griggs
0jnsk9HBra6NMjO2oANoPY,Flo Rida
6LqNN22kT3074XbTVUrhzX,Kesha
5CT7RBitS0e0u78T8tRBWQ,Missing Persons
1yMYjh77WgOVafRkI50mim,Wilson Phillips
08b2PA6eFyugsWAk41eQKZ,Lesley Gore
6DCIj8jNaNpBz8e5oKFPtp,The Cars
4stDtiogPv0MnO9rcS4uci,Imani Coppola
4ui9JwXE5MHylLzpsoiEhr,Sonny Bono
77nF3Eq6C9AHxUhi5UkfSp,Tammy Montgomery
7jy3rLJdDQY21OgRLCZ9sD,Foo Fighters
0svyIX7Xu3DVMkrOtB88i6,Diamond Rio
3USpNaxpX1iNqNnQWqg9ob,Mack 10
4DZGvSv2oMkBUnPz67E6z6,David Nail
13y7CgLHjMVRMDqxdx0Xdo,Gucci Mane
0du5cEVh5yTK9QJze8zA0C,Bruno Mars
46SHBwWsqBkxI7EeeBEQG7,Kodak Black
6rEzedK7cKWjeQWdAYvWVG,Five
6Tg1uyto2LrwltY2TQHia2,Cutfather & Joe
1wM79nvxGvl9iTEPg6m2WM,Harold Dorman
4OBJLual30L7gRl5UkeRcT,T.I.
5Va9LuEmaZxnbk1gMnjMD7,Arrested Development
0WCIUu5T9saxPNjg1n8F1G,The 8th Day
6hN9F0iuULZYWXppob22Aj,Simple Minds
0nmQIMXWTXfhgOBdNzhGOs,Avenged Sevenfold
5gPEo032lzARtzuVqJIm9o,Bobby Goldsboro
2mpeljBig2IXLXRAFO9AAs,Dido
7bKOOOKEkE918wKOQEhYnp,Jimmie Rodgers
4fxd5Ee7UefO4CUXgwJ7IP,Giveon
4Tw2N3wdvJPGEU7JqMxFfE,Eddie Money
1DpIDwg8FGD50N9Tfunfsf,The Manhattans
2wY79sveU1sp5g7SokKOiI,Sam Smith
2cWZOOzeOm4WmBJRnD5R7I,Normani
2XZXvrqedRMiKv6UWjAT4B,Jimmy Clanton
6zFYqv1mOsgBRQbae3JJ9e,Billy Joel
2sil8z5kiy4r76CRTXxBCA,The Goo Goo Dolls
6TcnmlCSxihzWOQJ8k0rNS,Third Eye Blind
4iHNK0tOyZPYnBU7nGAgpQ,Mariah Carey
1667U2YoucgG5Pdvm2M59c,Orleans
2s6JabvZdqVQhfOsaxCSFX,Bert Kaempfert
6TqQLejnHXMGr7KcegxUND,The Miracles
5KNqYrivNgVCHBssEUSu5B,Donell Jones
7qvsLYsYP0MHD7jkdv6DAG,Sara Evans
3rfgbfpPSfXY40lzRK7Syt,Barry White
5rSXSAkZ67PYJSvpUpkOr7,Backstreet Boys
2zFZiWQJFFshzojycnXoTL,Bell Biv DeVoe
0XHiH53dHrvbwfjYM7en7I,Chris Cornell
1Ha0Fz4i0d4gu5fZbhBCtH,Night Ranger
6KfBWaX13etjtEZ4d9aTWW,Bobby Lewis
4IYYmybW7zLRFIPnOjBUUO,Frank Ifield
22WZ7M8sxp5THdruNY3gXt,The Doors
7oHzn7edwmrYClrPRINkbn,Johnny Gill
24GaH9tRBgZjlvOhpFuKi2,"Blood, Sweat & Tears"
2yg15JjVOqNppP73zVhosY,Chantay Savage
2tFN9ubMXEhdAQvdQxcsma,Jessica Simpson
2RCUsqvkr4V8v3fUJd7UbW,Jackie Lee
6OxjXk1y4QXXRUJyldFIIG,Kid Frost
3X458ddYA2YcVWuVIGGOYe,Toni Braxton
08p7B5OtcUuVblvkQIlBhJ,Tyrese
5rIqOJspxDq89aBBCUda1X,Smokie
1TEvQqVH2KXlxDl43KcqXY,Mr Big
7z5WFjZAIYejWy0NI5lv4T,Dan + Shay
66lH4jAE7pqPlOlzUKbwA0,Miranda Lambert
70Hyp1IGyZ3Tgy7fXDiJdb,Mrs. Miller
4ACplpEqD6JIVgKrafauzs,The Everly Brothers
3MZsBdqDrRTJihTHQrO6Dq,Joji
6bOYtKnpLPQSfMpS2ilotK,Bobby Vinton
4463nfFMmK1cwAWBQDwT5e,Laura Branigan
3dXaa6jwM7B52GZpaJEIr5,Puddle Of Mudd
4FAEZeJcsYYBkNq2D3KGTV,Three Dog Night
39T6qqI0jDtSWWioX8eGJz,The Doobie Brothers
2LorJQEiLTxNDsJ3jVrQNi,Jimmy Hall
2JXn03fudjyRkQ1Ye9f5rk,Los Del Rio
4PpmBoqphQusNFsxuVKb6j,Paula Abdul
1GxkXlMwML1oSg5eLPiAz3,Michael Bublé
5AEG63ajney2BoDXi0Vb84,Bad Company
1WCwBdS98wO4nYxdIpx6qw,Alvin Cash
5ActPAuO0MgCVFAguGVFGf,The Crawlers
5YvGA11sUR8c4FIpINFrt5,The Scott Brothers' Orchestra
5FlTKgucbhHvlJVf0pnvOv,Trini Lopez
2eHFawPAARjoxXETpHGQ0Y,Harlow Wilcox & The Oakies
5Pwc4xIPtQLFEnJriah9YJ,OneRepublic
3q7HBObVc0L8jNeTe5Gofh,50 Cent
7Aq8lpLMSt1Zxu56pe9bmp,Jagged Edge
7jefIIksOi1EazgRTfW2Pk,Electric Light Orchestra
7wqtxqI3eo7Gn1P7SpP6cQ,Salt-N-Pepa
1BwHztAQKypBuy5WBEdJnG,Jennifer Warnes
3PhoLpVuITZKcymswpck5b,Elton John
2kreKea2n96dXjcyAU9j5N,The Pointer Sisters
1JVoO5bwfU8GNuAZLpBoHe,The Dream Academy
7v4imS0moSyGdXyLgVTIV7,Nat King Cole
5Ne8hQEmy0eZu9hlE3j58B,Brenda K. Starr
20qISvAhX20dpIbOOzGK3q,Nas
1URnnhqYAYcrqrcwql10ft,21 Savage
3vAaWhdBR38Q02ohXqaNHT,The All-American Rejects
7lzordPuZEXxwt9aoVZYmG,Billy Idol
38h03gA85YYPeDPd9ER9rT,The O'Jays
7n2wHs1TKAczGzO7Dd2rGr,Shawn Mendes
30jYsKUr5Xn1bR2m71tc22,The Packers
4mVpYIVAOE8sEdYuL8HDpd,Tanto Metro & Devonte
4FSD5qtm70EBsOiLMN2eEe,The Tams
0QRgfCLzSR9GyCjXboWQTA,Chris Montez
01PZH8MrTxfgfTXNqpMRjG,Hank Ballard & The Midnighters
2KsP6tYLJlTBvSUxnwlVWa,Mike Posner
1Bo8Afb2Qbjs4x6kJHyjle,Gigamesh
0s0rOb0gT2S9N0SDcjtPC4,Alison Moyet
69MEO1AADKg1IZrq2XLzo5,UB40
1McMsnEElThX1knmY4oliG,Olivia Rodrigo
1jkQOLBogBpRXgAgKZvyWM,The Viscounts
6jJ0s89eD6GaHleKKya26X,Katy Perry
0SCbttzoZTnLFebDYmAWCm,Glee Cast
2L9iHIK8h5HvZe6VXb0aOI,The Flying Lizards
0WgyCbru4tXnMsbTmX4mFw,Atlanta Rhythm Section
6avGAzQTmqu8mfSmZrN7gT,The Moments
5KEG7G8LDYlHgFDqZyEEs2,Chris Rea
7iZtZyCzp3LItcw1wtPI3D,Rae Sremmurd
479Yp6DvyXoIaCssAxB4QR,Murray Head
4b0WsB47XCa9F83BmwQ7WX,The Righteous Brothers
1cNDP5yjU5vjeR8qMf4grg,YNW Melly
0ceH34CATvfgphxnLRWFkm,9lokknine
1XgVoPT2Va5L64LFzskVBW,Mason Williams
6biWAmrHyiMkX49LkycGqQ,Thin Lizzy
7o55DoHoctCuBWn1iKvB08,Mike Pinera
457yGSZecENoIuNWelRHhH,The Love Unlimited Orchestra
719ZCUqy59oGckcB1MzVTx,The Company
4jWzNq3sdzSpqn7BnzvIKn,Memphis Bleek
7dXeJ8kAqTqtvNWQNV3sdU,Surface
3De6svqAPGsgF8i0jQN7bE,K5
1EgGVV9cmmlLEsFlunjmvv,The Time
3o5OdrGG6RqPkAmPfMvMl0,Reunion
4dwdTW1Lfiq0cM8nBAqIIz,Of Monsters and Men
21llKqnS025UdaAMslJS4J,Billy Stewart
4bthk9UfsYUYdcFyqxmSUU,Tears For Fears
35U9lQaRWSQISxQAB94Meo,America
1bDWGdIC2hardyt55nlQgG,"""Weird Al"" Yankovic"
3sgFRtyBnxXD5ESfmbK4dl,LMFAO
6f4XkbvYlXMH0QgVRzW0sM,Waka Flocka Flame
0uwaniEjl7wxOFSM4vaHvI,Cap
0DxeaLnv6SyYk2DOqkLO8c,MAGIC!
4kL2OPLMiNMXhojqQSNkUQ,Benzino
0FrpdcVlJQqibaz5HfBUrL,Rick James
01hRNr3yF5bYnPq4wZ88iI,Tommy James & The Shondells
7HkdQ0gt53LP4zmHsL0nap,Ella Mai
79FMDwzZQxHgSkIYBl3ODU,Trace Adkins
4Sb4jcMlVKNp4BzGXlU7GN,The Baskerville Hounds
54WwKfYhkYzFRtynSgtTw2,The Kinleys
0V6zo2mJw9FdwWLClKC9yw,LaVern Baker
7hJcb9fa4alzcOq3EaNPoG,Snoop Dogg
2RdwBSPQiwcmiDo9kixcl8,Pharrell Williams
7iWYCIyfxwVyVae6u7qJaO,Bob Clearmountain
1EevBGfUh3RSQSGpluxgBm,Joan Baez
1md9aYaJ6Qt1FHypXICB5V,Emblem3
0hYxQe3AK5jBPCr5MumLHD,Sugarland
4e5V1Q2dKCzbLVMQ8qbTn6,Collective Soul
1fa0cOhromAZdq2xRA4vv8,Simply Red
2GVBp7QyHckoOg7rYkLvrA,George Clinton
4sbB4Yy6Qig51pKCIKSLw3,Jaheim
6IRQiyNmNGjGlrmEl0iArm,Randy VanWarmer
1rKi6kZNi8iUz2mMlaAwQ9,Coro
3NRFinRTEqUCfaTTZmk8ek,Savage Garden
2The4Ur661sLPGndcUuuLu,Nu Shooz
0qDtyCZRYrja9CoeHXV6FD,The Bachelors
3rRmDmzPcAFwcUDvG5gBqO,Percy Sledge
1m24736Bdew1oQVxTePOCo,Tom Tom Club
7m60UAnbgFFNuJbmS6OxTk,Sister Hazel
5r7mGejWrGSxheAYEIfSwI,Troop
2V0ryJRGIdudWKl27c806m,Randy & The Rainbows
66QeIFuFJDNCImNHlFzrY1,Starland Vocal Band
2gINJ8xw86xawPyGvx1bla,KRS-One
2J257euzcjnDLipsyJH3F2,Clipse
72y3ZI95ctkQC2O4mjBaU3,Shai
5BtHciL0e0zOP7prIHn3pP,Breaking Benjamin
4wuHLh6AEK7selBuj38cRz,Andru Donalds
0NRN3tnDVDspHMCfyu2ZwT,The Shadows Of Knight
3lcfZLW21dTfmTLBmae1eR,"Dino, Desi & Billy"
0yNy8fi1yBBq526E6mx4Zs,Orianthi
1OzPxKCB5R3MLxvkdGN03X,Climax
320EPCSEezHt1rtbfwH6Ck,The Monkees
4x2osw7xi8s1Jy04R6rTrn,The Mad Lads
10rzK0sLCXsUlDhl8ed0MV,Blackfoot
75L9s8KVrhCNtBUkZFnDFW,Vanessa Williams
4oUHIQIBe0LHzYfvXNW4QM,Morgan Wallen
1vgjN6nIPNKiiQGE9PtzTT,Lisa Lisa & Cult Jam
5fikk4h5qbEebqK2Fc6e48,En Vogue
1SImpQO0GbjRgvlwCcCtFo,The Red Jumpsuit Apparatus
32vWCbZh0xZ4o9gkz4PsEU,Dolly Parton
5s1WKkWyMzhGnLZ0ClgyTN,Nino Tempo & April Stevens
2tcM9c26zzqpFdijVdVwuB,Masta Ace Incorporated
4jL1usPiGDK8TD46zJP4gu,Michael Martin Murphey
1NdZSjGpm3jktmGbvkLadW,Timbuk 3
55APUUV6bCtJVEF1O2jKNT,Shelby Flint
4adMMJI7fSSinRx4ymNnwY,Flash
7wtiiuXdnWtATBrAxU9fnQ,Henry Lee Summer
7MOFoP92awkXK5PMSa8qC2,Jill Corey
5nPz5R1FDPTMI3Dw4JnTGb,Exposé
3gdbcIdNypBsYNu3iiCjtN,The B-52's
1NAWG3AngjBXyKbmPaz92D,Sammy Davis Jr.
5tZo7rC9bqWAmhJ1bsejXb,Ace Cannon
5w834ZosnqiBBV8xXCi3oD,Willie Hutch
2Gop8SbSVt5SaJzuaRFa7D,Gloria Estefan And Miami Sound Machine
4IR8ZkpbyyKrqsIzchF3NB,Crossfade
5u15ozs1bXTC2vJTPt2tpM,Gina Thompson
1pTuR132U5b4Rizal2Pr7m,Randy Travis
2CLVPk9FcywjClBcTvWPkT,Loverboy
6WXpplxbfcLvaAlhDbfEyO,Bobby Byrd
6vytZ677lz4LzCrUDcDokM,Blu Cantrell
6rqU9HQ57NYGBnBzbrY3a4,Paul Young
2NdeV5rLm47xAvogXrYhJX,Ciara
48QdHdRanCXdBt6lygsDES,Johnny Crawford
0jgAONnsHxrwAlhkMUVS78,Eddie Rabbitt
6vLlQYujOujIrm7zAKzEdG,Donovan
4TshyQDihSYXSWqvclXl3I,Parmalee
0uUNzXylqsZdmFDwdxaP1V,B.J. Thomas
2PCUhxD40qlMqsKHjTZD2e,Parachute
1RP2UpEaRzkF0Id3JigqD8,Roger Miller
2qFe0FyUMK8XXoyOsfYJr2,SHeDAISY
0J2Ej2rMQyqaUX3G6MUISw,Ambrosia
2O8QAJmRrwkFXq2aWZnHYB,Shannon
4i9IEoaY6Q1v3Puqz3PwC1,Lenny Welch
4r2UnA39uIXexqO1mABayb,Leon Haywood
77ziqFxp5gaInVrF2lj4ht,Sech
1i8SpTcr7yvPOmcqrbnVXY,Ozuna
2R21vXR83lH98kGeO99Y66,Anuel AA
1TtXnWcUs0FCkaZDPGYHdf,Darell
1SupJlEpv7RS2tPNRaHViT,Nicky Jam
7sF6m3PpW6G6m6J2gzzmzM,U.S.A. For Africa
1S13vhyLwvbDAPjYdFdJIQ,Charlie
3Bhgbs9kIwl8SuU0eIqN6b,The Crusaders
5uOVb4hLSQVbHbVVt27tV1,Frida
3kvy8do7n0qVqvlNFS4yOF,Jerry Reed
1zhIzONVRlTfD1VQRauHMl,Chris Cagle
6DIS6PRrLS3wbnZsf7vYic,WALK THE MOON
2iM28IgKg89v1o7BTQAVPo,Bruce Hornsby
4374DY0rBAi0pCV6F9i00Y,The Range
64ZUngtVBOg6z3kKagoZhU,Joanie Sommers
7CCn4PFRRRZF127jtCBAUe,The Lovin' Spoonful
0GRelLAVHzwasg0Ja7gJUy,The Karaoke Crew
2o5jDhtHVPhrJdv3cEQ99Z,Tiësto
2t0kaaDtGZtmpczIAMaVTQ,Charles Wright & The Watts 103rd Street Rhythm Band
1mFX1QlezK1lNPKQJkhwWb,New Edition
4aknOZmKFnayYvd03Avoz6,Louil Silas Jr.
0dCKce6tJJdHvlWnDMwzPW,Village People
2E6Roj0oQnJIm2BeXwDica,Graham Nash
1VDurPMbOKrNU8mcMP4X1P,Jermaine Jackson
6kEsKkXuE4olX7m3mNLZkS,Art Garfunkel
78SHxLdtysAXgywQ4vE0Oa,Bush
5HRSYURV6LFFRCjAtiK0py,Joe Simon
41LfjfTCcTCUdykJqNyFw8,Dae Dae
0uMy5ZKVPBHauBYTTfCojq,Melba Moore
55CCS64lPz88twUDVquU1u,Roger Williams
33QmoCkSqADuQEtMCysYLh,The Archies
0Xf8oDAJYd2D0k3NLI19OV,CHIC
4F84IBURUo98rz4r61KF70,The White Stripes
1Zq8pfBl4ejCMrWdeAdphc,Eddie Murphy
5fU6lODhpw3GEGGJuaDprR,The Osmonds
7xGGqA85UIWX1GoTVM4itC,The Staple Singers
32r72WOqqRO1DtSznId7Lr,James Brown & The Famous Flames
3QoHE4hN2waHD2jELo0x9N,Mark Saunders
73JBR5s2PVvUjGu6tIqjqx,Walter Murphy
3JMRq98LrEi2ezxixzN2Is,The Big Apple Band
2yaixhgm3yXxjhJAH8SZy3,Freddie Jackson
7x8nK0m0cP2ksQf0mjWdPS,Dierks Bentley
0KzlJXg6A3NVSCkRjecKnS,Larry Gatlin & The Gatlin Brothers
3EOEK57CV77D4ovYVcmiyt,Dennis Lloyd
1kUmREHnKDz29HgPW0iU9Y,Geoffrey Williams
7rftfGIYEeZ79sLb58ZBDi,GABRIELLE
45iwrW9MTdauua4etsP41U,Bill Black's Combo
6nfYGe7IIuuP5bMY1jkJP6,Jermaine Dupri
3sc7iUG1Wwpwx7bHeZolgx,Bananarama
0SWtMcmZLgP04Kj5x0eCxa,Azul Azul
2d3VHzlOEwXvmBdS4pzOPL,LeAnn Rimes
7mPcfx7PhnBh6n4HMCd61A,John Michael Montgomery
7bIAlWmWIBUUijORNiZzmr,McGuffey Lane
3Wsbuy58Ku5N0hWjTuERRa,Wade Hayes
0n6sKrG0xKAf8xmdqeNGke,Los Legendarios
3E6xrwgnVfYCrCs0ePERDz,Wisin
6nVcHLIgY5pE2YCl8ubca1,Jhayco
46n0cAhBmsRJZiX6GSFmbf,David Essex
6FbDoZnMBTdhhhLuJBOOqP,Jewel
3m5hegxlB80Z2zQb1893pc,Loleatta Holloway
24palKPwLQfeSNWeJo9euK,Sam & Bill
3r0OeTcOw37N9juMYyyw39,Junior M.A.F.I.A.
7EekKnlf2HwNaLLpL9Cpgy,Matt Stell
1IO0GVa1xjkFMXsg66FiE9,Lumidee
2sIx6SmAMw9IBySG3Uj0jf,Soul II Soul
2RhMHmV21ZDcSGZ872U4ZY,Caron Wheeler
24DQLSng7bKZD4GXLIaQbv,Percy Faith & His Orchestra
0nAYZn357xMuhaIrsW5mMC,Hugo Montenegro & His Orchestra and Chorus
2bA6fzP0lMAQ4kz6CF61w8,Toby Keith
07lbidCU8ZwtNCUrmaO0QU,Bizarre Inc
4Uv0Jg45Oq7vBXXwQNhXyf,Brick
19y5MFBH7gohEdGwKM7QsP,Luther Vandross
5aBxFPaaGk9204ssHUvXWN,Michael W. Smith
3aTuTR5Nf6pVW3837q2ZL7,Maxi Priest
4UuoJfJ9UybJft7a8E6UHX,Better Than Ezra
772SIFJQiXTCfxncTK1UMn,Aaron Hall
1LsXqDdYVyONhrjAORENbu,Kaoma
10i8e4CH1K0Nf4XECvAcTd,100 Proof Aged In Soul
6meQXl5saAZt5MZnQcKCWF,The Gaylords
757aE44tKEUQEqRuT6GnEB,Roddy Ricch
2hlmm7s2ICUX0LVIhVFlZQ,Gunna
2mDUt0bSAdmgG3WQMhLJz9,Peter Brown
3aYT0KVT8R4CypWXkoV548,Noel
0XKOBt59crntr7HQXXO8Yz,Brooks & Dunn
7egNqIGRldMzifHoh8pib6,Al Martino
1kLU4FT0l2Bayn8Vir6jo3,Lidell Townsell
0RBsn08bagbVECVD8FLbSq,M T F
1BUKOA8zRAhTbh3xPE6gDm,Wanya Morris
45rAZqRt5nUUMatQzk8qJu,Johnny Lee
382aCtCMEd2Rg2DmcU9xw9,The Left Banke
6x9QLdzo6eBZxJ1bHsDkjg,Sisqo
64wglyu5BoOzwMXYjtAbfS,Chuck Jackson
1lMaDSraU3oiNUsVWJLHdF,Jars Of Clay
1z7b1Pr1rSlvWRzsW3HOrS,Russ
6veh5zbFpm31XsPdjBgPER,BIA
1yNOfXGQNGjAynk77wv85x,John Lee Hooker
2gBjLmx6zQnFGQJCAQpRgw,Nelly
2y2vaJMlqKJEAW84HUf98H,The New Colony Six
4RddZ3iHvSpGV4dvATac9X,Papa Roach
4EYRKWX3RvHihDHDr8TocR,The Mar-Keys
4WFTfNjxQYskBioYk39r9n,Billy Joe Royal
1OwarW4LEHnoep20ixRA0y,Robert Plant
6yJCxee7QumYr820xdIsjo,Zac Brown Band
6I7tqjEzznFPrardDfvsvq,Gene McDaniels
26fpZeMJX2vN9xuGq70yve,The Johnny Mann Singers
0Ttph0pOZiPNTD3y2wUUb6,Shanice
1kkpNi8Ii5MhBMxmUhN5g9,The Electric Prunes
7oPgCQqMMXEXrNau5vxYZP,Tracy Chapman
03PCdNvkF81s7xHmtkNcoz,King Floyd
1dID9zgn0OV0Y8ud7Mh2tS,Dustin Lynch
57ALvbCBaCkNlgTOSiUPdT,Aaron Neville
6ZV6lGY0prbqpTD0Md8i29,Scotty McCreery
6IFXsrXBpwbIqtOUOiAa3p,Rick Springfield
06nsZ3qSOYZ2hPVIMcr1IN,J.J. Cale
4mxWe1mtYIYfP040G38yvS,Alan Jackson
6SFUC6ORDCIBqPssCBpeHT,Patty Loveless
20kRNjGAzhnBIflemL8JfY,Romeo Void
5DgjOwTN6o76J5Gf8MzEoL,P.M. Dawn
5a2EaR3hamoenG9rDuVn8j,Prince
4uYwLU7k03RCQSRXGtQGg0,Orgy
72OaDtakiy6yFqkt4TsiFt,Cher
3jahzTuztFVegfKXChatkY,Trillville
7sfl4Xt5KmfyDs2T3SVSMK,Lil Jon
1XLWox9w1Yvbodui0SRhUQ,StaySolidRocky
4J69yWrKwWJgjv3DKTZcGo,Big Brother & The Holding Company
4NgfOZCL9Ml67xzM0xzIvC,Janis Joplin
7jocoSCuCtpCxCI6IbP8ye,Digital Underground
7t4XHvWfj0XtEB8SNFeALw,Tommy Roe
3vNHR4OsgOsktxndG612B7,Pratt & McClain
5lKZWd6HiSCLfnDGrq9RAm,Leona Lewis
2ziB7fzrXBoh1HUPS6sVFn,Audioslave
0WZ7IgzdjPvwFdjDjjuZm7,Esther Phillips
6ltzsmQQbmdoHHbLZ4ZN25,Lord Huron
45TgXXqMDdF8BkjA83OM7z,Rod Wave
3P33qFNGBVXl86yQYWspFj,Martina McBride
2vaRrv3i7PDOXPEue24qe5,Hot Butter
65y3KN9OLgjpVvJikVBHqZ,Neal Hefti & his Orchestra and Chorus
132XHXfIbAJi5jQKmH986p,Charlie Sexton
72VzFto8DYvKHocaHYNWSi,Hot Chocolate
68kACMx6A3D2BYiO056MeQ,Teddy Pendergrass
77ZSVx5tJdeJdJsdJ3z2UX,The American Breed
5IDs1CK15HegSAhGEbSYXo,Billy Ocean
5v8jlSmAQfrkTjAlpUfWtu,Perry Como
1A92IAcd7A6npCA33oGM5i,The Proclaimers
1zgNpeHQe8GulzfVkYP2VK,The Trammps
1sAkg8871iPVI0wPbOfIZa,Fairground Attraction
2xDc4cU0Rj6YG8SrmAHIy0,Heather Headley
6f34Vi3DFJap7eJMDbpzEG,Aurra
0kObWap02DEg9EAJ3PBxzf,Starship
7rpf45DdbpweG51Acze45i,Kay Starr
6vz994XqqUulkf3I5W2C6a,The Megatrons
73KwO09942aGUnNO7bZiGa,Sherrié Austin
4tIQ6BeFRvYApoAyJmaeVC,Donna Fargo
2ix5hK8ZoH1xIvZ1N9RFAj,"Curtis Mayfield, Jerry Butler & The Impressions"
2zwHaEmXxX6DTv4i8ajNCM,Kris Allen
7AC976RDJzL2asmZuz7qil,Yes
7290H8m1Dwt8G7jm1y9CQx,Chris Isaak
3hteYQFiMFbJY7wS0xDymP,Gesaffelstein
4zI2zJvXtw3LKrv0d1Al1b,Michele Lee
7k4MYPtpz3fAViMuuLi9ry,Jimmy Soul
2B4ZHz4QDWJTXPFPgO5peE,Warren G
1Oa0bMld0A3u5OTYfMzp5h,Nate Dogg
3tkZ5S6yPSkEQZV6wXqHGl,Bob Fisher
6WUYWmJKUgwQWaPjHq5OcP,Rockell
2X3YB3wL4fGa6cMOzHpnkT,Collage
73JEBdDEFeVaOLg3y0HhBD,Natalie Merchant
5qUHCOUsvVKUpVrMMmztMK,Jeffrey Osborne
1FqqOl9itIUpXr4jZPIVoT,The Drifters
3ywBpweKQY8MosUnAuPAgc,Bonnie Pointer
1cjZk1xXn3YCToNg3uJpA7,Mary Wells
3AQRLZ9PuTAozP28Skbq8V,The Script
1FmH6MmsNdjm11V4qa9nMW,Nyasia
64JgVJdkSDXU6AEJUOnspK,The Sweet
4SWH2LMiJE6xcN2ysLFb2B,Brian Connelly
7FY5V3XMwlNBPitEjXowHQ,Darius Rucker
3k5CKYmmh2MjzAl9Xo5tpt,Central Line
7nkLRaWHImCvWGHdNGnhVE,Ten Years After
4wLXwxDeWQ8mtUIRPxGiD6,Marc Anthony
44azZyLI6j907fckDCg3qI,Nigel Olsson
4BM6qze88exQPVILQpcYpj,The Standells
4ElpGkeF1Mk09xTaOeUVA8,Celi Bee & The Buzzy Bunch
67SxctqWYOGe8lthWjTDwu,Brownsville Station
4BYxqVkZyFjtik7crYLg5Q,Chris Young
3oSJ7TBVCWMDMiYjXNiCKE,Kane Brown
15UsOTVnJzReFVN1VCnxy4,XXXTENTACION
1RaDKTFXuy0qA8YV1h9SwC,Jimmy Dean
6vdStXc79i2ITEfqoRaNCd,Denise LaSalle
242iqFnwNhlidVBMI9GYKp,The Verve Pipe
7CG3fjmCcZHXOnxYrpgE6W,The String-A-Longs
4SGITJm1kRaIEoqEwv360I,Ray Smith
4cRKPKk2z5Lzobgz1GKcIV,Betty Wright & Peter Brown
6EPlBSH2RSiettczlz7ihV,Sleepy Hallow
1bdytLV3FPjyhfrb6BhMej,Asia
4KJ6jujcNPzOyhdNoiNftp,lovelytheband
3dkbV4qihUeMsqN4vBGg93,Al Green
0nCiidE5GgDrc5kWN3NZgZ,"Emerson, Lake & Palmer"
3MCjwjfIor5FkK3h639qkW,Rufus
6mQfAAqZGBzIfrmlZCeaYT,Chaka Khan
5wpS6LUdQYMoAreKITVtrH,Amazing Rhythm Aces
5m7wCUhYhBh7A3A3YMxrbt,Queen Latifah
711MCceyCBcFnzjGY4Q7Un,AC/DC
0Y0ZlznP6vzTS1qAm5dvTN,Jimmie Rodgers
1eNkUXHPaXyuyC8NAgzykK,Jodeci
3WvSAXjcGIfzVWxjeuvKbl,The Hit Beat Makers
3KtW4xANJkgfEnFgMxaj8h,The Olympics
4ZXMlDqRxoSPRule503TB3,Casey Kelly
1GITtYH8OGvDPYfniEDxHA,Duice
3QP0XPDwbvGivqDAaJ5f5G,Adam Ant
21gGD9dUby5ls0belA1wqZ,H-Town
5rFi4jPBgt63Z1JXcLE9QX,Daddy Dewdrop
1eEfMU2AhEo7XnKgL7c304,Carpenters
73Np75Wv2tju61Eo9Zw4IR,Idina Menzel
6AUl0ykLLpvTktob97x9hO,Tee Grizzley
0lJlKQvuM2Sd9DPPyUXcHg,Sixpence None The Richer
2jirMwr4cHJzjtx8vDX5IO,Marilyn McCoo
090k1Fxa70NDQvkXmQBUfW,Billy Davis Jr.
0tkKwWigaADLYB9HdFCjYo,The Irish Rovers
7slfeZO9LsJbWgpkIoXBUJ,Ricky Martin
1zTUYXZHltJuaK4ONIzKDu,Pablo Flores
2p4FqHnazRucYQHyDCdBrJ,Simple Plan
3RnBzCfr8bQeLQQMGF6IeE,Joe Public
0MHgLfmQdutffmvWe5XBTN,Burl Ives
1eClJfHLoDI4rZe5HxzBFv,INXS
1CD77o9fbdyQFrHnUPUEsF,Traffic
1gVvCzqQy5epTJcFNwWJ37,Jewel Akens
6WdeJzjJhfgKjycVo39TCC,Hôtel
6loBF9iQdE11WSX29fNKqY,Howard Jones
0TqIPD4IS1w4e30R38B3vj,Rupert Holmes
6vbY3hOaCAhC7VjucswgdS,Twista
6OqQbeNe7Pi7Zi7SNTi9ko,Billy Gilman
2JSjCHK79gdaiPWdKiNUNp,Dionne Warwick
44vREmJC0OlVZjZaGLqVEd,Morray
0rXI0q8Cahq6numvPlloaq,Diana Ross & The Supremes
2gOghlWpnfwGGip7S1cMuq,Bob & Earl
6VuMaDnrHyPL1p4EHjYLi7,Charlie Puth
1bBZcz4jP7CoPlqpCFh4gz,Johnny Horton
1xtGjxE9c1YmEmFPCH6Izp,The New Power Generation
53XhwfbYqKCa1cC15pYq2q,Imagine Dragons
5lJBrQQ88JjskJmJeVKX4F,Karyn White
1ZIMtrSe8sINPurERT4tRa,Karla Bonoff
5QW6Fuf8rC85McLea15MaK,Ray Anthony & His Orchestra
3Fl1V19tmjt57oBdxXKAjJ,Blueface
0iVed2Qu7dmL0pIYCj1Xw8,Jackie DeShannon
6SLAMfhOi7UJI0fMztaK0m,Rainbow
1L56apXminRPJqnqBN0vhe,Morris Day
2ubLClBEuddw29m7QRx4IL,Mel & Tim
4hzW2Vlxpq0gQRA6Dbqihj,Royal Philharmonic Orchestra conducted by Louis Clark
1VKy7hIBFmlBnfKPgPkuLH,The Cuff Links
43mhFhQ4JAknA7Ik1bOZuV,Pat Benatar
7ICvZfP4VHAPZ5Wdt03772,The Dixie Cups
3ZotbHeyVQKxQCPDJuQ4SU,Q-Tip
5sgpmIi6mJNrm3fs3swCa7,Johnny & The Hurricanes
2SwRWWKpFqktihz7o2rfYX,Tracie Spencer
4asCC4oxQcDzFXhCth2SgQ,Gary Puckett & The Union Gap
7ooOn6bokl4mGV4CEaUz6A,Shakespears Sister
0EYASMyi33J1ywBDgei1II,Kitty Kallen
271pvVqDFiREx6PqzwOX8p,Steve Lawrence
1ktvF9yU9iWgY0aGlKfTS4,Garnet Mimms & The Enchanters
296LotOmbj7eOX7r9l46fK,Soul For Real
6piiChdjB4mmBVvOs7rWco,The Hollywood Stars
2hJPr4lk7Q8SSvCVBl9fWM,Kip Moore
5vngPClqofybhPERIqQMYd,George Strait
1zuJe6b1roixEKMOtyrEak,Tina Turner
1iNNWK8bYjc5EK0waLk1J1,Flatt & Scruggs
2W8UTum7bU7ue6m0r14H97,The Dramatics
6wPhSqRtPu1UhRCDX5yaDJ,The Pussycat Dolls
7urq0VfqxEYEEiZUkebXT4,112
06YQ6XwCdPUn8rAXV70gge,Republica
25NQNriVT2YbSW80ILRWJa,Faith Hill
2dogRElUKV20C2khRHqjRc,The Manhattan Transfer
10n5lhNDoSMUHWLlnST1yw,Slade
6Gb08eT3LlkGynDscl9vbz,The Rooftop Singers
2m62cc253Xvd9qYQ8d2X3d,The Alan Parsons Project
2029eJThczywCgnjE33s33,2 In A Room
5xO4f5QyPMYnCPRyRveBSD,El DeBarge
5cj0lLjcoR7YOSnhnX0Po5,Doja Cat
5VfqJBmXcf6ZqXoGij5qTE,Tevin Campbell
2wMcQIxzH2LYHJZNxo9FcN,John Paul Young
45KpBChrKYWhTlU6N57ofu,Kix
0WjkBDqno4HbjwNDqyMgVa,Kenny Rogers & The First Edition
7ahuvq1mbb4idwG1iJbSFG,Cassadee Pope
5Qi4Bb7a8C0a00NZcA77L0,D12
742YR9ZgF0tCO5juBfvPAU,Gwen McCrae
3APma4r8eWkC8R0ZH0wIoy,Hannah Jones
2VIoWte1HPDbZ2WqHd2La7,The Turtles
3Isy6kedDrgPYoTS1dazA9,Sean Paul
1UTPBmNbXNTittyMJrNkvw,Blake Shelton
2aS6jYh7ysTL1ZUsHneNgM,Berlin
60df5JBRRPcnSpsIMxxwQm,Otis Redding
2vDV0T8sxx2ENnKXds75e5,Booker T. & the M.G.'s
2AVVj8ezW2mJ0v8u7XydiF,Saving Abel
2qxJFvFYMEDqd7ui6kSAcq,Zedd
6WY7D3jk8zTrHtmkqqo5GI,Maren Morris
4lDBihdpMlOalxy1jkUbPl,Grey
635NhD8wQskmUJhO2Lidhb,Preston Epps
0Xi59sEw38vRvwleSAVqoo,Marty Robbins
5PN2aHIvLEM98XIorsPMhE,Kim Carnes
3cgO5CdhEHKMxldjZlP5ix,Frankie Laine
1XhhO2dTs2fKyhILj0aam6,Phil Vassar
62sPt3fswraiEPnKQpAbdE,Bobby Brown
3hnOFLAUQAXJ9EZNxF7Wq9,Aqil Davidson
7GPNaPWw3STF8NYp39pd8G,Amii Stewart
0MlOPi3zIDMVrfA9R04Fe3,American Authors
2lFHVcUeJ9Gq6AZiU3ZAOa,3LW
3Ngh2zDBRPEriyxQDAMKd1,Matchbox Twenty
5odf7hjI7hyvAw66tmxhGF,Roger Daltrey
33wbkdcxtduHKY53LnI1Hf,Huey
5KDIH2gF0VpelTqyQS7udb,Staind
5xWPOujQqd4wXyB08slZ9Z,Peter Cetera
72Nhcx7prNk2ZCxhx0Y5es,Amy Grant
6OWapcJm9xd55ci9CYbAuT,Los Lobos
0EVUivUkugMtNF09L4QBMH,Hi-Five
0OwaxYpG77PWKSLtj1QzG8,The Chambers Brothers
4awU3JRQXIYoxabdwO92AU,Edie Brickell & New Bohemians
3KQOgtRIeQVHdYFcNHKavs,Dorothy Moore
762310PdDnwsDxAQxzQkfX,Depeche Mode
2HBbky0Z08ZcCKVsXWbNE4,The Dave Clark Five
6I3M904Y9IwgDjrQ9pANiB,Kenny G
08DLZqQd6XDAVteF9nSEJ1,Paula Cole
5YBSzuCs7WaFKNr7Bky0Uf,Olivia
1B8ySGDAiXTCvnJNH4HSCG,All-4-One
0iiY1woiw7gL0gbd1Isc17,The Hondells
1qDxvNPoEt0quatnm19u9i,The Five Du-Tones
2i1IdHG5w0wiSmJGoqAGlj,Minnie Riperton
5nGIFgo0shDenQYSE0Sn7c,Evanescence
0EmeFodog0BfCgMzAIvKQp,Shakira
5sUrlPAHlS9NEirDB8SEbF,Alejandro Sanz
6XdNmRnf5FFzHkOMFasioL,Robert Parker
4pdM1TI8b1tZW3Jprzn5II,The Johnny Otis Show
5Zq7R5qmi58ByYyBQTlNuk,Lee Brice
46njgd2Rq9tZc4ZjeQMgbh,Boz Scaggs
0qSX3s5pJnAlSsgsCne8Cz,Brett Eldredge
27T030eWyCQRmDyuvr1kxY,Scorpions
3jaS8HCylkZ3YKhn5t20DU,Walter Egan
30nQz03BZ9JSH183zqLttV,Michael Cooper
7r8RF1tN2A4CiGEplkp1oP,Ginuwine
3DiDSECUqqY1AuBP8qtaIa,Alicia Keys
4KWTAlx2RvbpseOGMEmROg,R.E.M.
5rNhVm2CnqiO5Lv4Dt2lck,Jessica Andrews
2BQVRw9md4UKcGUrDXABCD,Tracy Lawrence
6YtJeguOS8yoMkmLLnzU7q,The Angels
0JDkhL4rjiPNEp92jAgJnS,Roy Orbison
3uuPMhG3hFjDQwMat8Zj9b,A.B. Logic
7CajNmpbOovFoOoasH2HaY,Calvin Harris
5EehXjjMktLuJmbRsM7YfB,Disciples
4OGuNAnRFWZOgOA2d51taz,Johnnie Taylor
5eAWCfyUhZtHHtBdNk56l1,System Of A Down
0a1BmEq1mZ5ufKMC2fsziR,The Tymes
3AO6RTDA16mg8czQI5Y9K0,Duncan Sheik
2qQeKHrQJHLLbvDAOSO874,Winger
2S9W9aSAd7e5mp8WqWxN2h,Hilary Duff
70BYFdaZbEKbeauJ670ysI,Shinedown
4KCnuZQWRl9FEwAcduZhP9,Sue Thompson
1sldhz8tzC100cRAdfnMht,Lobo
0ZED1XzwlLHW4ZaG4lOT6m,Julia Michaels
18JD8DVlD1fakDAw7E9LFC,2 Unlimited
4OEVU4xeqX03Wk1H7EXiaq,The Party
67ZoIyKhetbA0x8LHzUXuE,Freddie North
5Ph9AkswS5rY4Y0pVrYoSZ,Yvette Michele
02rd0anEWfMtF7iMku9uor,Reba McEntire
0z5DFXmhT4ZNzWElsM7V89,Erasure
4W4gYpQ2AQq7US2HZS13Qw,Blessid Union Of Souls
1EtE0iSY6iFlN9L9c53ETy,Michel Legrand
2OJEqa0vH3epErNtguOFFp,Eddie Fontaine
4eAOcbAXIF4BmbN6E1QIlw,Christina Milian
6hpEpmvfhm26T0Mc8x65ox,Bo Donaldson & The Heywoods
21E3waRsmPlU7jZsS13rcj,Ne-Yo
0nAVvgfE9yI4DwvMiYwk8a,Johnny Nash
5tth2a3v0sWwV1C7bApBdX,Lil' Kim
7E5taE9LniGvMzEHpiOupV,The Jimmy Castor Bunch
694QW15WkebjcrWgQHzRYF,Everclear
396Kh0m4wGUvcMUULw71yi,Zapp
6Uhp7WA6sjm5ZL6Xz561de,Living Colour
3niqfoc7C6lIeCNVz8iZYE,Framing Hanley
3NPpFNZtSTHheNBaWC82rB,X Ambassadors
2L9desEFj6VPtB3yBAxxap,George Maharis
2Hjj68yyUPiC0HKEOigcEp,Jesse McCartney
6l3HvQ5sa6mXTsMTB19rO5,J. Cole
0Wt8hmgHtXUgwsLg5NpMZv,Vanity Fare
7FBcuc1gsnv6Y1nwFtNRCb,My Chemical Romance
0fiWOxhsBsQQvFDtxUQWo0,Brett Young
2tUGlReCZRMoRgl0IS79i3,No Mercy
4KDyYWR7IpxZ7xrdYbKrqY,Bonnie Raitt
4S9EykWXhStSc15wEx8QFK,Céline Dion
33OmSxFFBOPQL3AcoAFAmA,Billy Grammer
1By9QBFnjZAoI83BZppHlt,Billy Currington
2TI7qyDE0QfyOlnbtfDo7L,Dave Matthews Band
4jWGfUCFeTu5e0wprRhHXR,Big Tymers
1Cq0LAHFfvUTBEtMPXUidI,O.A.R.
7Kkx4dACo6kFSeT9wjfVA5,Raspberries
0C8ZW7ezQVs4URX5aX7Kqx,Selena Gomez
7fUtt9kVZOyn9LWy0JbDRI,Agnetha Fältskog
6YHEMoNPbcheiWS2haGzkn,Michael Bolton
2QMsj4XJ7ne2hojxt6v5eb,Riley Green
0TnOYISbd1XYRBk9myaseg,Pitbull
44PA0rCQXikgOWbfY7Fq7m,Ying Yang Twins
0uPJNqmDRzjZJZXXG6HDtt,Remy Shand
3ICyfoySNDZqtBVmaBT84I,War
6nKqt1nbSBEq3iUXD1Xgz8,Petula Clark
0kuEP1E9k3WBEwMKwEmp9u,Willa Ford
35GL8Cu2GKTcHzKGi75xl5,Jennifer Hudson
5pTDagkiVMJC5DJtSAdbXg,Nona Hendryx
0WO15UbgUyKKtn1anzZP5u,Deborah Allen
0urTpYCsixqZwgNTkPJOJ4,Aaliyah
1ARZrF9nU4zgdDHuBIfqMq,Webb Pierce
1aRdnBeUqTNY9zdBzOrkvJ,James Darren
3tJoFztHeIJkJWMrx0td2f,Moneybagg Yo
02da1vDJ2hWqfK7aJL6SJm,Soul Asylum
4fmVPsGxjwP5ruiTEvIcOt,Desmond Dekker & The Aces
3lzlUccNrekC1oFPCjNIOX,The Lettermen
3ltFy7g6KKQPPttsdOMlq3,Jo Dee Messina
3F2Y683ovlWT53WKCeq0oj,Goodie Mob
77kULmXAQ6vWer7IIHdGzI,Jordan Davis
64FApEYIhlgTZCvNmV4pj5,Godspell Ensemble
3QZKZBEmr54lAVI5XvmjnM,The Coasters
3BLqcKdqgBI3oJvVg7Odz8,The Vibrations
7keGfmQR4X5w0two1xKZ7d,Kungs
726MxZBpkxnnoKl6aN7mmj,Cookin' On 3 Burners
2BgyJtxoixkegtJX6HqT4w,Eddie Holland
43BqXck54700EkPfzu1yex,Rod Bernard
36QJpDe2go2KgaRleHCDTp,Led Zeppelin
1b1N51wmSK0ckxFAMPSSHO,The Impressions
3YQKmKGau1PzlVlkL1iodx,Twenty One Pilots
7yKK2YS0GfWJQ4HinUgkdi,The Experienced
1kCqTUSrWJEHZm2GSpRuMV,Maxine Brown
2YdVmtVBpIrv0N6WiBzSqm,Atlantic Starr
4fsh5BPGWt8oGFUwQ6msCk,Country Joe McDonald
2DWQX92uew7DlsgN0yD775,Dave Mason
6lHL3ubAMgSasKjNqKb8HF,Mýa
5g2n2H9ndqvejERtwZ1rHh,The Rascals
6gbGGM0E8Q1hE511psqxL0,Ray J
42zQWH4QjEPz9xO4tJpgjZ,The Highwaymen
5fbhwqYYh4YwUoEs582mq5,The Spinners
3eskO5m0H4yiF64vRySBjr,Buffalo Springfield
2OFpmma3V9yxT5XXgytGns,Lone Justice
5l6cEOynnkfX7PS7zCMRU0,Franke & The Knockouts
40enFxfEXXsEXKOt1vgx0k,Martika
2SHhfs4BiDxGQ3oxqf0UHY,Roxette
5aYyPjAsLj7UzANzdupwnS,Good Charlotte
6sQVeggRv1AhrMzuCjhCZe,Jamie O'Neal
72KyoXzp0NOQij6OcmZUxk,Midnight Oil
1h6Cn3P4NGzXbaXidqURXs,Swedish House Mafia
68tUWDLwgRP7Ch2Gj8vQ1k,Michael Stanley Band
57LYzLEk2LcFghVwuWbcuS,Summer Walker
2EMAnMvWE2eb56ToJVfCWs,Bryson Tiller
11hIqBsGRPztdjBHCSLClX,Daniel Bedingfield
4nDoRrQiYLoBzwC5BhVJzF,Camila Cabello
3X0tJzVYoWlfjLYI0Ridsw,Suzanne Vega
40Md3Hc0aa1UzgyEmMSIHM,Chi Coltrane
5gYUDgAOPYzdNOQPqVjiE2,Kevin Lamb
3vHV92ecrylnUHDM4d2MtC,Tyler Farr
3KGQvnOoqUHi3KxKQMZtXr,The Box Tops
23rleGXVOVVgTk3xgtmfE4,Gordon Lightfoot
7wCjDgV6nqBsHguQXPAaIM,Waylon Jennings
5W5bDNCqJ1jbCgTxDD0Cb3,Willie Nelson
0le01dl1WllSHhjEXRl4in,Tamia
54R6Y0I7jGUCveDTtI21nb,Boney M.
0X2BH1fck6amBIoJhDVmmJ,Ellie Goulding
5mgr0FFpvy267wKVAYg8qp,Lit
2eynOGnZLqDuEJwbRHlHN1,J.J. Fad
738OS3zrCO782uDiUN9pet,Lee Ann Womack
56oDRnqbIiwx4mymNEv7dS,Lizzo
3MFp4cYuYtTZe3d3xkLLbr,Bill Haley & His Comets
2EfG2EoT8GFJrMiilbTVl2,Donna Lewis
0En4EEcDMJ5kaUCf1aZ9js,Lee Dorsey
6KWcxMWVNVIYbdOQyJtsSy,The Platters
6x2LnllRG5uGarZMsD4iO8,Thomas Rhett
5NX29TmuYrENlpvz6IgYMJ,Wayne Newton
165ZgPlLkK7bf5bDoFc6Sb,Limp Bizkit
2zVsfeSyFbCey7rq7PasHp,Cathy Dennis
1QtIfAa6y7w2JhxYJhYeUG,Color Me Badd
4MPkNgar5uTd8Sqvrr7par,Clay Walker
3UxJwjLkGvAlRi7NbYekGI,Ronnie Dyson
3fsCWTIuWIRvEGS7gerSJX,Jennifer Rush
718COspgdWOnwOFpJHRZHS,Luke Combs
1456WwI15Lm9CktCzkLZvm,Josh Gracin
6p5JxpTc7USNnBnLzctyd4,Phillip Phillips
4ydeJG48hqnTKKop5GYLDF,The Routers
2CvCyf1gEVhI0mX6aFXmVI,Paul Simon
7wbw9J8cnh99gjAxI9z9FC,Cate Brothers
7zgtJuRm0JcJpPQRjCgXT7,N2DEEP
3oFRpiLvaflFOVNxvsLrze,The Records
2roaPGR1goiiLQxrG5dXiF,Mike Post
7aRi9OzdA2ciputfuguaPK,Larry Carlton
65c5si0ePAwkOCn4M35Ho7,Sérgio Mendes
7tYKF4w9nC0nq9CsPZTHyP,SZA
1TKifb1r4wnGbY5CYIwjGb,Los Indios Tabajaras
0rJcrQfLLtWSJAKbZPk6NV,Yarbrough & Peoples
6PwcexHTG0qJWQQwp05Bpm,Pilot
0GM7qgcRCORpGnfcN2tCiB,Tainy
6ktyNEnEukKzskQEiXgCFD,Craig Morgan
2lxV0uK5as9Fi6hFlW1Cgh,Johnny Cymbal
1MXwwmS2JpmsHZhdMeOL2s,Pure Prairie League
6Rw7DRa1dzChBvxGPCpOxU,Niko Moon
4vZduJO8Uukqzx64de5JxV,Robin Gibb
21DDunKoUpOWBax5LIULe5,Tim Lever
1PWS3ACXatxz3XOb6vvdja,Michael Percy
4D75GcNG95ebPtNvoNVXhz,AFROJACK
1ruutHJcECI7cos2n5TqpO,Nayer
2OLmN3LLWtLF7zerL4VdaX,Laid Back
7EK1bQADBoqbYXnT4Cqv9w,John Denver
29NJ6VbDPYhqdXXANEwHc7,Jigsaw
1T0wRBO0CK0vK8ouUMqEl5,Tom Jones
3WrFJ7ztbogyGnTHbHJFl2,The Beatles
0TF2NxkJZPQoX1H53rEFM1,Gladys Knight & The Pips
1LZEQNv7sE11VDY3SdxQeN,Bee Gees
0isDnZYMWbwDz7hzw0XRjt,David Cassidy
7wqtxqI3eo7Gn1P7SpP6cQ,Salt-N-Pepa
2iojnBLj0qIMiKPvVhLnsH,Trey Songz
6kz53iCdBSqhQCZ21CoLcc,Culture Club
38EmEgXkgK51MT2tPY0EoC,Bobby Helms
59NO6KX7wQCG7jGdtH1NtL,Raheem DeVaughn
2mxe0TnaNL039ysAj51xPQ,R. Kelly
6zFYqv1mOsgBRQbae3JJ9e,Billy Joel
3iDD7bnsjL9J4fO298r0L0,Chicago
2bHrkZwj7sYYsMHe5tHXaX,Nazz
1dID9zgn0OV0Y8ud7Mh2tS,Dustin Lynch
1OGcRXAY9iO4egWiIBqX8F,Graham Central Station
3grHWM9bx2E9vwJCdlRv9O,Kenny Chesney
3AO6RTDA16mg8czQI5Y9K0,Duncan Sheik
0u2FHSq3ln94y5Q57xazwf,Keith Urban
3vRclCt9VnNhYIxFMQCxuM,Milli Vanilli
4TshyQDihSYXSWqvclXl3I,Parmalee
0iVrCROxeyon7MZUW3MfzT,Montell Jordan
2RdwBSPQiwcmiDo9kixcl8,Pharrell Williams
0pqGj6vO9YHsXuZmaJaP2Y,Jan & Dean
33W1pnW9zScZtYTnAoWnOT,Mr. Probz
3t5xRXzsuZmMDkQzgOX35S,Robin Schulz
7dGJo4pcD2V6oG8kP0tJRR,Eminem
3F2OLfXfvIqLdvbKfrszlq,Men of Vizion
0OtigLoCgLYvXnMxbE5qH5,Lost Boyz
7zYGAXxAaq15C9eM29M8Fj,Eternal
29tN6dpjDGnlr6QkCSOemd,P Jervier
6nLM87NFy18fHOOprTtWuS,Steve Jervier
7AIqEHSDwom8YR90Mt8CQD,Wales
3VNITwohbvU5Wuy5PC6dsI,Kool & The Gang
35U9lQaRWSQISxQAB94Meo,America
4Fgf6RvuWpiwDXSE7Vammx,George Martin
4MIULe6tfg2loNzBy5B9eu,T-Wayne
5dg9jB2sji4asJtjihC9AE,Connie Stevens
1GAJzApRTMmYZ9EjQ91VOy,The Tokens
5zzrJD2jXrE9dZ1AklRFcL,KT Tunstall
6a9IGvEOlro1FRZmeEH48Z,Erich Kunzel
1FV3sKugQJFGWgWpMIA2Fy,Cincinnati Pops Orchestra
0SdIxH4aX8mlSXPvlB9S2y,Robert Walters
3zTOe1BtyTkwNvYZOxXktX,Joe
0WZ7IgzdjPvwFdjDjjuZm7,Esther Phillips
2y8Jo9CKhJvtfeKOsYzRdT,Rod Stewart
3MdG05syQeRYPPcClLaUGl,Diana Ross
6S0dmVVn4udvppDhZIWxCr,Sean Kingston
1uNFoZAHBGtllmzznpCI3s,Justin Bieber
4phGZZrJZRo4ElhRtViYdl,Jason Mraz
6aZyMrc4doVtZyKNilOmwu,Colbie Caillat
2NhdGz9EDv2FeUw6udu2g1,The Wanted
5jNGQ7VOU87x5402JjhTtd,Deniece Williams
4EzkuveR9pLvDVFNx6foYD,James Bay
6D01mATo26VaiiCfZzpWAm,The Cover Girls
2NtGOVTuHBMDfR5PMNPBGT,Dee Dee Sharp
0GbqW5TJr7n4is453VOY4C,Procol Harum
3nFkdlSjzX9mRTtwJOzDYB,JAY-Z
1P8IfcNKwrkQP5xJWuhaOC,LL COOL J
5kZDCAD5zLelf8NYHoRSHS,Sammi Smith
0Je74SitssvJg1w4Ra2EK7,4 Non Blondes
7ihLzUpuNecU5VBkvOUDNq,Damn Yankees
1EgGVV9cmmlLEsFlunjmvv,The Time
4MCBfE4596Uoi2O4DtmEMz,Juice WRLD
5iB5AWIa7qreioi0AF3Bxa,The Bellamy Brothers
3Ngh2zDBRPEriyxQDAMKd1,Matchbox Twenty
3iRSHS3b4NUdjNbnw3Opg8,Rufus Thomas
4ACplpEqD6JIVgKrafauzs,The Everly Brothers
3AGd9ZRjmrt0MdtByKeIaW,Jasmine Guy
3s2wTjWxK8NOX09dmsvVOh,Chingy
67OIf7vgqZq9qFuDqmCFyI,"The ""5"" Royales"
4NHQUGzhtTLFvgF5SZesLK,Tove Lo
2JSjCHK79gdaiPWdKiNUNp,Dionne Warwick
7mEIug7XUlQHikrFxjTWes,Neil Diamond
0z4gvV4rjIZ9wHck67ucSV,Akon
5lkiCO9UQ8B23dZ1o0UV4m,Jackson Browne
07VmOvmuBp9G0gb8BTrpn0,Mike Jones
1NcUsr07BOPEQHnREfVUPh,David Dundas
2AV6XDIs32ofIJhkkDevjm,Curtis Mayfield
36QJpDe2go2KgaRleHCDTp,Led Zeppelin
0DAqhikcMKLo2lPADVz2fs,Jay & The Americans
6rJqqRce0Kvo2dJUXoHleC,Alabama
3aVoqlJOYx31lH1gibGDt3,Babyface
3aQeKQSyrW4qWr35idm0cy,T-Pain
5P5FTygHyx2G57oszR3Wot,Daughtry
5IDs1CK15HegSAhGEbSYXo,Billy Ocean
1pTuR132U5b4Rizal2Pr7m,Randy Travis
31TPClRtHm23RisEBtV3X7,Justin Timberlake
7Ey4PD4MYsKc5I2dolUwbH,Aerosmith
4hSGrfIm5xRloHXESKxrFd,Richie Rich
4HsPtZ8Dw4Cl9lGXpEsWA9,Barry & The Tamerlanes
6jU2Tt13MmXYk0ZBv1KmfO,Giorgio Moroder
3DiDSECUqqY1AuBP8qtaIa,Alicia Keys
60TYV12IFUaDfnUA0S67zb,Rupee
3PhoLpVuITZKcymswpck5b,Elton John
67ea9eGLXYMsO2eYQRui3w,The Who
4W2dcPOyD7eSfJCPHCfwoA,Living In A Box
0Vo614yFlepUdpdbkggrmC,Urban Dance Squad
7dOBabd5O4CvKrg4iriHTM,Kid Rock
3SFVchRRMmFuOi3Azi0vTo,Saving Jane
3eqjTLE0HfPfh78zjh6TqT,Bruce Springsteen
6M2wZ9GZgrQXHCFfjv46we,Dua Lipa
2xiIXseIJcq3nG7C8fHeBj,Three Days Grace
5HRSYURV6LFFRCjAtiK0py,Joe Simon
0rXI0q8Cahq6numvPlloaq,Diana Ross & The Supremes
1Xyo4u8uXC1ZmMpatF05PJ,The Weeknd
2KsP6tYLJlTBvSUxnwlVWa,Mike Posner
5bTTx0CRvZj1kRJwUsWWYo,James Ingram
7rewR1TVjhisjI6gauUamf,The Crystals
3qm84nBOXUEQ2vnTfUTTFC,Guns N' Roses
5gxynDEKwNDgxGJmJjZyte,Steve Winwood
43ZHCT0cAZBISjO8DG9PnE,Elvis Presley
3bnf5pPVQFWv762IiavilV,Maureen McGovern
03PCdNvkF81s7xHmtkNcoz,King Floyd
1zxDewzd2j1ZdSBGaYcr0y,The Outfield
0BZ3BHzfYwpd3k5TDnvAz8,Culture Beat
0SNdq9iJyup4XY6JbNHbt6,Freddy Fender
74keeJdeVxqce4qJFj6WGx,The Soul Children
6W9OZQ862LR0HM76QQJJY3,Starpoint
5QhsLryFrDbj9IZ38UmMyn,Nice & Smooth
3SQp3obrtdq8uxsZxFCBJu,Barbara Fairchild
5TbXjzD8tYgMD5JU2g2F8q,Joe Tex
7lzordPuZEXxwt9aoVZYmG,Billy Idol
6hnWRPzGGKiapVX1UCdEAC,Sam Cooke
7FgMLbnZVrEnir95O0YujA,Five For Fighting
7jmTilWYlKOuavFfmQAcu6,Barbra Streisand
44NX2ffIYHr6D4n7RaZF7A,Van Morrison
7bXgB6jMjp9ATFy66eO08Z,Chris Brown
58lV9VcRSjABbAbfWS6skp,Bon Jovi
5fLajPHf2y3mHfUVJqcGWv,Prince Markie Dee And The Soul Convention
2s6JabvZdqVQhfOsaxCSFX,Bert Kaempfert
3miNucraVWk4hdVsIxn7id,Eric Burdon
3ICyfoySNDZqtBVmaBT84I,War
3KzYAUHiKXCKpisQgRD2Ja,Ronnie Dove
4UXqAaa6dQYAk18Lv7PEgX,Fall Out Boy
0qEcf3SFlpRcb3lK3f2GZI,Grand Funk Railroad
4tw2Lmn9tTPUv7Gy7mVPI4,Kenny Rogers
7Kkx4dACo6kFSeT9wjfVA5,Raspberries
7C4sUpWGlTy7IANjruj02I,Peter Gabriel
3rRmDmzPcAFwcUDvG5gBqO,Percy Sledge
2mpeljBig2IXLXRAFO9AAs,Dido
3OsUvoKmZA2gw8rETtxGlz,Vitamin C
79FMDwzZQxHgSkIYBl3ODU,Trace Adkins
3dkbV4qihUeMsqN4vBGg93,Al Green
46njgd2Rq9tZc4ZjeQMgbh,Boz Scaggs
0p4nmQO2msCgU4IF37Wi3j,Avril Lavigne
1OwarW4LEHnoep20ixRA0y,Robert Plant
6ZV6lGY0prbqpTD0Md8i29,Scotty McCreery
6ohvzFHYmLd05kyYhLui5K,Brenton Wood
05sRO4JdAtJGyZQOTb6kSL,Sam The Sham & The Pharaohs
0TImkz4nPqjegtVSMZnMRq,TLC
3FfvYsEGaIb52QPXhg4DcH,Jason Aldean
09dDdtfi4mWLdC2BHOrIrl,Terry Jacks
2h9yQhKyqOMex3QFMVeq7F,Meat Puppets
55yEsJBqyn27JPsw5hHzqi,Dan Seals
25NQNriVT2YbSW80ILRWJa,Faith Hill
0RKP52f5PNDCRZ9Luq2Sr7,Jerrod Niemann
0vn7UBvSQECKJm2817Yf1P,James Taylor
4VnomLtKTm9Ahe1tZfmZju,Jackie Wilson
0ErzCpIMyLcjPiwT4elrtZ,NLE Choppa
6deZN1bslXzeGvOLaLMOIF,Nickelback
7FY5V3XMwlNBPitEjXowHQ,Darius Rucker
5Rl15oVamLq7FbSb0NNBNy,5 Seconds of Summer
4S9EykWXhStSc15wEx8QFK,Céline Dion
4MoAOfV4ROWofLG3a3hhBN,Jon Pardi
0En4EEcDMJ5kaUCf1aZ9js,Lee Dorsey
3NwwRu44cqaIweIN2Q6OYP,Keith Hagger
6c73jKEAIYdUM56yWgE2Ai,Stewart Baxter
6DQ6mdEhxCgHPqfX1niZZK,Floyd Cramer
5z2cHsOmmmWcAPNG1oEhw0,Xscape
3P33qFNGBVXl86yQYWspFj,Martina McBride
7jM2XoJBKhdL8oNnDr4re9,The Ozark Mountain Daredevils
3CkvROUTQ6nRi9yQOcsB50,Genesis
1QQBo7mfkehMjDfz1tj5Pq,Billy Vera & The Beaters
02rd0anEWfMtF7iMku9uor,Reba McEntire
7HL4id2U7FSDJtfKQHMgQx,Cinderella
3MCjwjfIor5FkK3h639qkW,Rufus
6mQfAAqZGBzIfrmlZCeaYT,Chaka Khan
1b1N51wmSK0ckxFAMPSSHO,The Impressions
59hLmB5DrdihCYtNeFeW1U,Glen Campbell
1vgjN6nIPNKiiQGE9PtzTT,Lisa Lisa & Cult Jam
74XFHRwlV6OrjEM0A2NCMF,Paramore
2DnqqkzzDKm3vAoyHtn8So,Uncle Kracker
5tKXB9uuebKE34yowVaU3C,Iyaz
021hNAnkFIbyFyL97br6NB,Kellie Pickler
6tbjWDEIzxoDsBA1FuhfPW,Madonna
2r09Inibex3C4ZNTUVSG3m,Keith Sweat
53I5L1MaOYGfbRM1uZ80xg,Terri Gibbs
2eogQKWWoohI3BSnoG7E2U,Donna Summer
6qqNVTkY8uBg9cP3Jd7DAH,Billie Eilish
10n1KB2sjTrGdyuC83y8jW,Jon Secada
2u0gw0uCWBMiqV7h0N8kai,Wet Wet Wet
5vngPClqofybhPERIqQMYd,George Strait
0MwVtoHVOeRL4Ab5xt7Nmt,Glass Moon
43sZBwHjahUvgbx1WNIkIz,Creed
6PAt558ZEZl0DmdXlnjMgD,Eric Clapton
60dYNEvXzIl38BKZoW8HYd,Pete Fountain
7zfhej6FnVXN9LIXs6dcoK,The Tubes
5UloVKzUNJcjORzhhTWWiJ,The Karaoke Channel
2Uh4UmiQhrrElbrvJVH0dT,Brooklyn Dreams
4gzpq5DPGxSnKTe4SA8HAU,Coldplay
5lpH0xAS4fVfLkACg9DAuM,Wham!
6OQrOpxSIfPai3cFaN4v4P,Sheila E.
0ifzzRKdmtgaHy9cfnnyCR,Focus
3Ay15wt0QChT4Kapsuw5Jt,Clint Black
6vSo8MOzgy8fBHPyFuq0Iv,Lisa Hartman Black
1vCWHaC5f2uS3yhpwWbIA6,Avicii
7kEOMdsEmZkTHgA4ibDz4h,Mark Lindsay
6EJmqnuK0r6qiAevFFiNNR,Paul Davis
73sSFVlM6pkweLXE8qw1OS,Ricky Nelson
0V6zo2mJw9FdwWLClKC9yw,LaVern Baker
1mG23iQeR29Ojhq89D5gbh,DJ Jazzy Jeff & The Fresh Prince
0EhgpjUqiIIQhM6ZRF4kXX,Pat Green
3r9TXuXfOUxXjgYgAR0fP8,Bay City Rollers
0BvkDsjIUla7X0k6CSWh1I,Luke Bryan
0Ty63ceoRnnJKVEYP0VQpk,Sting
382aCtCMEd2Rg2DmcU9xw9,The Left Banke
4QQgXkCYTt3BlENzhyNETg,"Earth, Wind & Fire"
72Nhcx7prNk2ZCxhx0Y5es,Amy Grant
2sil8z5kiy4r76CRTXxBCA,The Goo Goo Dolls
4k1ELeJKT1ISyDv8JivPpB,The Prodigy
7bKupnlF7XOfR1En3K8oAL,Go West
5m8H6zSadhu1j9Yi04VLqD,Sly & The Family Stone
1h8YIw9HLr6E8gdXVDRbVJ,Big Country
7vWlb4pM85jCHvV771qZZW,Tony! Toni! Toné!
1rHh0AI30JhKrbzKIFjFNd,Jr. Walker & The All Stars
5rScKX1Sh1U67meeUyTGwk,Michelle Branch
0cQuYRSzlItquYxsQKDvVc,The Guess Who
7ydcRbgt0yM9etADb1Ackp,Jimmy Jones
6aq8T2RcspxVOGgMrTzjWc,Soft Cell
3lcbKPLl0ci2mKRdcP5Etf,M People
3fMbdgg4jU18AjLCKBhRSm,Michael Jackson
4BoRxUdrcgbbq1rxJvvhg9,Olivia Newton-John
55vs7NT1KxcFjbMC4y202E,REO Speedwagon
4xFUf1FHVy696Q1JQZMTRj,Carrie Underwood
1FizW0swe8ODtXvEOHXbHX,LFO
1JfkqBTXs6VC3JZ7RJNu7h,Jordan Pruitt
1yAwtBaoHLEDWAnWR87hBT,Modest Mouse
1XkoF8ryArs86LZvFOkbyr,Mary J. Blige
0rvjqX7ttXeg3mTy8Xscbt,Journey
6etIM3JbzGPxTdfNWWfsVH,The McCoys
1sXbwvCQLGZnaH0Jp2HTVc,Linda Ronstadt
0uZRjholJ0fVC2J9EvnYnj,Meshell Ndegeocello
3BmGtnKgCSGYIUhmivXKWX,Kelly Clarkson
15FyiY3ChN0QRspHIQYq0W,Dion
0jYKX08u1XxmHrl5TdM2QZ,Lulu
04gDigrS5kc9YWfZHwBETP,Maroon 5
7A9yZMTrFZcgEWAX2kBfK6,Huey Lewis & The News
3RwQ26hR2tJtA8F9p2n7jG,The Temptations
1EeArivTpzLNCqubV95255,Cali Swag District
34gJOUTurjXaj8z3E9fDaV,Link
4eeIEFGyzf6wgPzWnMiRXh,The Sounds Of Garth Brooks
6Qdqv5WM6z1WxWWjuuiogR,Robert Goulet
4mxWe1mtYIYfP040G38yvS,Alan Jackson
0smy8yDrRoI4CnhpOuthg0,Corey Hart
319yZVtYM9MBGqmSQnMyY6,Carole King
1bj5GrcLom5gZFF5t949Xl,Martin Solveig
4GLJPBj5Cdr9AgLKvLWM4n,Dragonette
18xgcedCGxFbqLbIQn5R8F,Miami Sound Machine
6Bfy6QzadCXS92y0T8dDZF,Eddie Floyd
6HX8AbXUFaYRtlqKb4CCo0,Mac Davis
6MGQ2oUq4y55GDYyINkhnr,Le Click
1VbaXEYjZBuKXgW0uuVtIz,Kayo
0lwRI7lvmlRY5DiA5Xa6wQ,Lipps Inc.
4B7Kwlv6J5QpJ44vB6STUF,The Five Americans
4nDoRrQiYLoBzwC5BhVJzF,Camila Cabello
5K4W6rqBFWDnAN6FQUkS6x,Kanye West
4KHdmkq99PXA6QEJ2lKpA3,Heavy D & The Boyz
6l3HvQ5sa6mXTsMTB19rO5,J. Cole
0szj7Sxtyluyjc2Arj0njB,Ferlin Husky
1RP2UpEaRzkF0Id3JigqD8,Roger Miller
6DIS6PRrLS3wbnZsf7vYic,WALK THE MOON
6S2OmqARrzebs0tKUEyXyp,Demi Lovato
7gbmX8SsfjEjxDMzBi1ZOL,Joe Jonas
2ycnb8Er79LoH2AsR5ldjh,Pet Shop Boys
246dkjvS1zLTtiykXe5h60,Post Malone
32lVGr0fSRGT6okLKHiP68,Taylor Dayne
3KtW4xANJkgfEnFgMxaj8h,The Olympics
13y0kncDD4J9wxCyfKr10W,Bette Midler
7BDI9Iqt24gl4RGdS6hWs9,Ray Peterson
1By9QBFnjZAoI83BZppHlt,Billy Currington
6XpaIBNiVzIetEPCWDvAFP,Whitney Houston
0Xf8oDAJYd2D0k3NLI19OV,CHIC
1HY2Jd0NmPuamShAr6KMms,Lady Gaga
3JaAGmSTpJK35DqWrDUzBz,Sweet
7h5oEr0hzlM0GFQMrgEwSo,Driicky Graham
2kCcBybjl3SAtIcwdWpUe3,Lil Peep
15UsOTVnJzReFVN1VCnxy4,XXXTENTACION
2RTUTCvo6onsAnheUk3aL9,3 Doors Down
7oPgCQqMMXEXrNau5vxYZP,Tracy Chapman
6gbGGM0E8Q1hE511psqxL0,Ray J
09vvlnqwFaimZwGAvpXgqy,Little Peggy March
1Mxqyy3pSjf8kZZL4QVxS0,Frank Sinatra
6TKOZZDd5uV5KnyC5G4MUt,Smokey Robinson & The Miracles
2VbrivHnDf4Z43xPTgqvym,Timothy B. Schmit
4qwGe91Bz9K2T8jXTZ815W,Janet Jackson
1UUYAQ9LiRsZF0ZukQNWXM,The 5th Dimension
0YinUQ50QDB7ZxSCLyQ40k,Mustard
757aE44tKEUQEqRuT6GnEB,Roddy Ricch
34jw2BbxjoYalTp8cJFCPv,Heart
5OrB6Jhhrl9y2PK0pSV4VP,Young Money
5yG7ZAZafVaAlMTeBybKAL,Iggy Azalea
53M4Iv2RkzzxFFvW2B1jhC,Breathe Carolina
1gPhS1zisyXr5dHTYZyiMe,Kevin Gates
39T6qqI0jDtSWWioX8eGJz,The Doobie Brothers
0GRelLAVHzwasg0Ja7gJUy,The Karaoke Crew
40B4rvXn71qa0Vi2ZtBjS1,Balance
44PA0rCQXikgOWbfY7Fq7m,Ying Yang Twins
7crPfGd2k81ekOoSqQKWWz,Stevie Nicks
3Ayl7mCk0nScecqOzvNp6s,Jimmy Eat World
6twIAGnYuIT1pncMAsXnEm,Commodores
13YmWQJFwgZrd4bf5IjMY4,Brad Paisley
2RwV62DIxFGEn8aWO3iaMM,Al Wilson
2FrKQPjJe4pVMZOgm0ESOx,SNAP!
4salDzkGmfycRqNUbyBphh,Styx
1zuJe6b1roixEKMOtyrEak,Tina Turner
32WkQRZEVKSzVAAYqukAEA,Lady A
22bE4uQ6baNwSHPVcDxLCe,The Rolling Stones
3TiISqKS6ESlMQ4WFfZJw2,Johnny Rivers
181bsRPaVXVlUKXrxwZfHK,Megan Thee Stallion
3lPQ2Fk5JOwGWAF3ORFCqH,John Mellencamp
6DCIj8jNaNpBz8e5oKFPtp,The Cars
72JEwd3EjDEwTLypkFYJn9,The Outlaws
53XhwfbYqKCa1cC15pYq2q,Imagine Dragons
3IUisqn0mluZR0LITs8Sqk,ICEHOUSE
2wvUfjKGoXvcnDHq7GgMOa,The Ting Tings
7opRqRgF9lvnVraBFCMvIj,Groove Theory
6Ff53KvcvAj5U7Z1vojB5o,*NSYNC
3ICflSq6ZgYAIrm2CTkfVP,The Animals
01Wck2m10xhdxUrLaMq60y,Rene & Angela
3CygdxquGHurS7f9LjNLkv,Little Big Town
22WZ7M8sxp5THdruNY3gXt,The Doors
2tTkMu5nJLsDBAMRrDOes3,Hi-C
6AgTAQt8XS6jRWi4sX7w49,Polo G
55qiaow2sDYtjqu1mwRua6,New Kids On The Block
0i64fKwsnTQsPqbov8mZUh,Dr. Buzzard's Original Savannah Band
6S58b0fr8TkWrEHOH4tRVu,Switchfoot
7fIvjotigTGWqjIz6EP1i4,Four Tops
0a1gHP0HAqALbEyxaD5Ngn,Rascal Flatts
772SIFJQiXTCfxncTK1UMn,Aaron Hall
3koiLjNrgRTNbOwViDipeA,Marvin Gaye
0yDmbRjVTQsQd3OnMs5s3I,Gregg Allman
1eYhYunlNJlDoQhtYBvPsi,Ray Charles
2WmMkFz9V5I86R2fgX6VBf,Ⅳ Xample
6s22t5Y3prQHyaHWUN1R1C,AJR
55Aa2cqylxrFIXC767Z865,Lil Wayne
137W8MRPWKqSmrBGDBFSop,Wiz Khalifa
3NPpFNZtSTHheNBaWC82rB,X Ambassadors
4xRYI6VqpkE3UwrDrAZL8L,Logic
7c0XG5cIJTrrAgEC3ULPiq,Ty Dolla $ign
0CMVsLgjlp9Tk02TikMAQK,The Elgins
2wY79sveU1sp5g7SokKOiI,Sam Smith
6Hizgjo92FnMp8wGaRUNTn,Vertical Horizon
7dXeJ8kAqTqtvNWQNV3sdU,Surface
6GlDsAkQHOmNgtUZdJ4Amq,Mary MacGregor
2iE18Oxc8YSumAU232n4rW,The Jackson 5
1urjDGTd4iBze91Z1W1gu7,Total
3QZKZBEmr54lAVI5XvmjnM,The Coasters
0543y7yrvny4KymoaneT4W,Peter Frampton
4AK6F7OLvEQ5QYCBNiQWHq,One Direction
0reZZVbAPxgX1Rqj6XbWj3,Bob Welch
26cMerAxjx9GedFt0lMDjm,Bella Poarch
485uL27bPomh29R4JmQehQ,Bob Seger
07YZf4WDAMNwqr4jfgOZ8y,Jason Derulo
1456WwI15Lm9CktCzkLZvm,Josh Gracin
6F0ZVOJymgjutBNRws94qa,Clay Davidson
7xAcVHPiirnUqfdqo0USb1,Fantasia
5q8HGNo0BjLWaTAhRtbwxa,Brantley Gilbert
2kucQ9jQwuD8jWdtR9Ef38,Sam Hunt
5fU6lODhpw3GEGGJuaDprR,The Osmonds
2G3bfBdf6dKjVlkUqMzO6q,Michael Morales
7guDJrEfX3qb6FEbdPA5qi,Stevie Wonder
1Z5DLMS3dwLEgJwSEvfkS0,Angelica
4iHNK0tOyZPYnBU7nGAgpQ,Mariah Carey
4GNC7GD6oZMSxPGyXy4MNB,Lewis Capaldi
5fmvGUlMVgmnCn45f1he7d,Andrew Gold
4STHEaNw4mPZ2tzheohgXB,Paul McCartney
4RVnAU35WRWra6OZ3CbbMA,Kylie Minogue
3TQ9JTBI2n2hfo7aRONEYV,Sir Mix-A-Lot
41vTbWnX2HzE7adssEER9I,Alpha Team
1fvz0vd4P0LNMkAysF1ivk,Al B. Sure!
7Kfrmups2Z3ncDQmNS5jRc,Ramsey Lewis
4jZOiPysIzYxbDcDEOZmhu,Ramsey Lewis Trio
15jHZ1EZwmm2QDjKctvqJQ,Suzi Quatro
2Pawr6MMX9VBIQ9oUHg7jc,Chris Norman
7Af8RjdalPwHNnsIMwqgaj,Lee Warne
6yVCJmap0wrEq1d7TNAGJc,Cause & Effect
5QrhSuPUQ0vDFWdb38YPHN,Alisha
29PcabivqsoqW2yOVJyuLa,Nia Peeples
2UQwwYBLBvtpGHTMYzTgHi,Chad & Jeremy
74ASZWbe4lXaubB36ztrGX,Bob Dylan
1G9G7WwrXka3Z1r7aIDjI7,Outkast
1eEfMU2AhEo7XnKgL7c304,Carpenters
4DQj1q0unpi9KF8jO1Wqks,The Beau Brummels
51Blml2LZPmy7TTiAg47vQ,U2
1vnIL4DMlivP55ioM6KitW,Rita Coolidge
1tfXh4XxILEuMU2qZupFn8,Firefall
67ZoIyKhetbA0x8LHzUXuE,Freddie North
0C0XlULifJtAgn6ZNCW2eu,The Killers
2bA6fzP0lMAQ4kz6CF61w8,Toby Keith
4njdEjTnLfcGImKZu1iSrz,AWOLNATION
67K9nZU3LXIwrDjxVOO9IG,Lauren Wood
7LfxHLrmQNqEggZvjaQL1A,Novi
6rBZhEQ1RwYz6xOCE7CuUY,Ernie
72OaDtakiy6yFqkt4TsiFt,Cher
1LB8qB5BPb3MHQrfkvifXU,Cheap Trick
5Zq7R5qmi58ByYyBQTlNuk,Lee Brice
5AEG63ajney2BoDXi0Vb84,Bad Company
0urTpYCsixqZwgNTkPJOJ4,Aaliyah
7MpUvihmfilIxyN20kXwQj,Ray Stevens
0A0FS04o6zMoto8OKPsDwY,YG
3sFhA6G1N0gG1pszb6kk1m,Wings
7jy3rLJdDQY21OgRLCZ9sD,Foo Fighters
6eoJpTIlcuxJNjV5fDzDJH,Live
70cRZdQywnSFp9pnc2WTCE,Simon & Garfunkel
1ObAu0tz0NlOI6FNHTXchD,Tommy Edwards
5jVeqi3PNaTOajfvBa4uFn,Thompson Twins
0hCNtLu0JehylgoiP8L4Gh,Nicki Minaj
1XLWox9w1Yvbodui0SRhUQ,StaySolidRocky
6jJ0s89eD6GaHleKKya26X,Katy Perry
6yJCxee7QumYr820xdIsjo,Zac Brown Band
5yzE49FicYiSxN61oaxkNn,Judy Collins
6KAwb5D0KanI575XxOucMt,Edens Edge
3oZa8Xs6IjlIUGLAhVyK4G,Irene Cara
0Y5tJX1MQlPlqiwlOH1tJY,Travis Scott
2ry5nwK1VNmh5zMZpmOAyc,Bob B. Soxx & The Blue Jeans
3jHBxvZ9gbBkZ17wKUqVsO,Kent Jones
1KCSPY1glIKqW2TotWuXOR,P!nk
06HL4z0CvFAxyc27GXpf02,Taylor Swift
12V5Y0dEdRroUCBr95IXO9,Spanky & Our Gang
540vIaP2JwjQb9dm3aArA4,DJ Snake
7sfl4Xt5KmfyDs2T3SVSMK,Lil Jon
4KWTAlx2RvbpseOGMEmROg,R.E.M.
1R6Hx1tJ2VOUyodEpC12xM,Jim Croce
4FtSnMlCVxCswABUmdhwpm,Carly Simon
2BQVRw9md4UKcGUrDXABCD,Tracy Lawrence
1McMsnEElThX1knmY4oliG,Olivia Rodrigo
7K78lVZ8XzkjfRSI7570FF,José Feliciano
3aBkeBhwadnWMWoVJ2CxJC,Rob Thomas
51l0uqRxGaczYr4271pVIC,The Bangles
1KsASRNugxU85T0u6zSg32,Tori Amos
0xWTQw2TL6j7mHGOTltsEW,White Plains
4K8Nvr77A24iIMyjYWSde3,Men At Large
2qsSi2PBkOJDkacR6UAZSF,The Ran Dells
4O15NlyKLIASxsJ0PrXPfz,Lil Uzi Vert
1URnnhqYAYcrqrcwql10ft,21 Savage
1aRdnBeUqTNY9zdBzOrkvJ,James Darren
5e4Dhzv426EvQe3aDb64jL,Shania Twain
6hs28hHY3L7zsfC44xszAj,Uncle Sam
3537Phr9t8GWkY2GtxDpnt,Fat Boys
3oDbviiivRWhXwIE8hxkVV,The Beach Boys
38h03gA85YYPeDPd9ER9rT,The O'Jays
5NGO30tJxFlKixkPSgXcFE,The Police
1QAGLCom3FHTTiuRFsjzOj,Carla Thomas
2M4Yt7oKGoYd0wqU44k4i2,Travis Tritt
2Mhi3jfuRSdbVZPdjqsnnN,Dr. Hook
5DqmNLPM1kAbSBQk2FMm6b,Amanda Perez
7jefIIksOi1EazgRTfW2Pk,Electric Light Orchestra
4bthk9UfsYUYdcFyqxmSUU,Tears For Fears
2rc78XDH9zuJP6bm78lU8Z,Derek & The Dominos
5f7VJjfbwm532GiveGC0ZK,Lil Baby
4phr5rAgWhcZtWJu8w8lKv,Swing Out Sister
7J2lZBANizgPNfUzux31PV,David Gray
3A2UXqQgMDJ3YNvLPyX5NW,Sir Douglas Quintet
3TOqt5oJwL9BE2NG9MEwDa,Disturbed
14ZxDAK6ITtZZqPdiWrvSn,Everlast
6rEzedK7cKWjeQWdAYvWVG,Five
6Tg1uyto2LrwltY2TQHia2,Cutfather & Joe
5rIqOJspxDq89aBBCUda1X,Smokie
0IekLXmUEHqD3nEFpwB3kE,Bourgeois Tagg
7nwUJBm0HE4ZxD3f5cy5ok,Aretha Franklin
19ra5tSw0tWufvUp8GotLo,George Michael
2Q1FIPavG8WZF33kqIP3sy,Bo Bice
0grdhNhiRLFBaFVyybqsj6,Richard Marx
6i6WlGzQtXtz7GcC5H5st5,10cc
6P7H3ai06vU1sGvdpBwDmE,Steely Dan
6eQHjJJa52LUGjBKP5UPos,Animotion
7ceUfdWq2t5nbatS6ollHh,Paul Anka
545idYhdloaSlLGBY8E9u2,Cameo
2VkASgJ3IjpMHG5aYXx4t2,Wayne Fontana & The Mindbenders
3IZrrNonYELubLPJmqOci2,Nancy Sinatra
2aVHDjRHRM7dcFkGwahXLG,Lee Hazlewood
62a9KhMxJXITvzjLR3nSw1,Leon & Mary Russell
2o08sCWF5yyo2G4DCiT7T9,HVME
5dORjaew9A94A25xvTMiTg,Dyke & The Blazers
4tX2TplrkIP4v05BNC903e,Tom Petty and the Heartbreakers
6DkVBNgQMSVLTQa7OUhMno,The Castells
26dSoYclwsYLMAKD3tpOr4,Britney Spears
4dpARuHxo51G3z768sgnrY,Adele
2NjfBq1NflQcKSeiDooVjY,Tones And I
23zg3TcAtWQy7J6upgbUnj,USHER
3HC7NcxQx2Yk0fWoRKJ0xF,Jefferson Starship
6zpPKMhpOoG646kJgZ7RKf,Johnny Hates Jazz
51d3rUlLuMh7EW09aMe7yj,B2K
45TgXXqMDdF8BkjA83OM7z,Rod Wave
6rqU9HQ57NYGBnBzbrY3a4,Paul Young
3tM3DTmG7ahfACzwqtazLD,Vikki Carr
21LGsW7bziR4Ledx7WZ1Wf,Johnny Mathis
2SHhfs4BiDxGQ3oxqf0UHY,Roxette
4ERtgeBbWRkFzIz6LaFCeY,Dashboard Confessional
3DvdryKH4O95ZnsUZJKXpt,Maze
6rXycobs8wkWicUGLtmB0n,Frankie Beverly
6f8IcmSWG7IH8nc8u6vjnt,Enchantment
1VN38ZSdtQnHLa8PfTTKZD,Marvin Hamlisch
6eVCRmRG2HcfL4yx77A9WK,Jack Jones
0jnsk9HBra6NMjO2oANoPY,Flo Rida
1n2pb9Tsfe4SwAjmUac6YT,Jake Owen
7HO1DbzU86pWWp1vBN7l6k,Dionne Farris
5PN2aHIvLEM98XIorsPMhE,Kim Carnes
0hTjOmHk7qrViVHvzd4jaQ,Kasenetz-Katz Singing Orchestral Circus
2cnMpRsOVqtPMfq7YiFE6K,Van Halen
0YWxKQj2Go9CGHCp77UOyy,Fabolous
3qbnxnvUqR14MJ9g8QwZJK,Lonestar
6kACVPfCOnqzgfEF5ryl0x,Johnny Cash
6kEsKkXuE4olX7m3mNLZkS,Art Garfunkel
0fyqyjD7pbaVzbu94ylWQR,Poco
5KYEMMz9O9iLIESifKAEOp,WhoHeem
3alW3LYQS8K29z8C8NSLIX,Barry Manilow
1mfDfLsMxYcOOZkzBxvSVW,Cole Swindell
1B8ySGDAiXTCvnJNH4HSCG,All-4-One
7CajNmpbOovFoOoasH2HaY,Calvin Harris
7svBaaa9DcATnsLwlvaGMu,Top Of The Charts Music Crew
4mDEpwlcBham5q1dmykSG0,Billy Bland
5UOUIAVPngHmNAv0rkY1Ph,Meri Wilson
4b0WsB47XCa9F83BmwQ7WX,The Righteous Brothers
5b2OzvLaL6nyxw5pbVbSdy,Skeeter Davis
1kCqTUSrWJEHZm2GSpRuMV,Maxine Brown
5aEWnrN8h3MhuFUPRfaVuy,Case
0dEvJpkqhrcn64d3oI8v79,Barenaked Ladies
7E5taE9LniGvMzEHpiOupV,The Jimmy Castor Bunch
1VKy7hIBFmlBnfKPgPkuLH,The Cuff Links
6DbJi8AcN5ANdtvJcwBSw8,Ringo Starr
6z7wrwE2QW7Keb9ozoF0rg,The Babys
60df5JBRRPcnSpsIMxxwQm,Otis Redding
4WL6MC4jDW7w7K9hfc4MVS,Clyde McPhatter
360IAlyVv4PCEVjgyMZrxK,Miguel
73sIBHcqh3Z3NyqHKZ7FOL,Childish Gambino
74oJ4qxwOZvX6oSsu1DGnw,Cream
12d4iIvTOk7JkI6ecvc3ca,The Charlie Daniels Band
1sFbpu494RLEGW1JYTSamq,Joe Perkins
3gMaNLQm7D9MornNILzdSl,Lionel Richie
4vw8nqsMRW93XuZpXOcOHD,J. Frank Wilson & The Cavaliers
6To7KuC86pBGCtkRUiq80O,Brother Beyond
2m62cc253Xvd9qYQ8d2X3d,The Alan Parsons Project
6nzxy2wXs6tLgzEtqOkEi2,Monica
0lZoBs4Pzo7R89JM9lxwoT,Duran Duran
6PyZY3e7wgYgRdegqvqhSo,Dee Clark
0AD4odMWVQ2wUSlgxOB5Rl,Jeff Beck
5rSXSAkZ67PYJSvpUpkOr7,Backstreet Boys
3bIAUCN08OjlkGrqRjJDji,Playa
4MPkNgar5uTd8Sqvrr7par,Clay Walker
7soT8uvtvONms0QsqptkWB,Sonny James & Eligibles
6uJZLuhxKK0kNUcoGNIy9k,Barbara George
5XOhQGJMrw4oXDqloMsk76,Polly Browne
7n2wHs1TKAczGzO7Dd2rGr,Shawn Mendes
5mtKpqeeaFavW15yIX4h5e,Slave
2kLF5OqO9KpxWZl9bPy8hj,Jimmy Douglas
2XZXvrqedRMiKv6UWjAT4B,Jimmy Clanton
1Zq8pfBl4ejCMrWdeAdphc,Eddie Murphy
0VbbUuoemrlu5KoUW0p9fT,Buster Brown
3b8QkneNDz4JHKKKlLgYZg,Florida Georgia Line
4Tw2N3wdvJPGEU7JqMxFfE,Eddie Money
4ydeJG48hqnTKKop5GYLDF,The Routers
0MponVSpW81oLvJZ53vYZH,The Marvelettes
5JO0fCMUiEJtUQjyOXyaCl,Musique
2zFZiWQJFFshzojycnXoTL,Bell Biv DeVoe
6I3M904Y9IwgDjrQ9pANiB,Kenny G
1fQ46lgoUCz8FVXdTVNk0a,Hurricane Chris
3Y3xIwWyq5wnNHPp5gPjOW,Kenny Loggins
5pKCCKE2ajJHZ9KAiaK11H,Rihanna
6oMuImdp5ZcFhWP0ESe6mG,Migos
51RYnAHfrE4xnMomva5kFq,Mouth & MacNeal
4oUHIQIBe0LHzYfvXNW4QM,Morgan Wallen
0FrpdcVlJQqibaz5HfBUrL,Rick James
0PcIlEZa7rreM7729ot05g,Stephanie Mills
3EY5DxGdy7x4GelivOjS2Q,Connie Francis
6vuD08WKtmp1yc7kQx1rBm,The Main Ingredient
4Pmlf0hZYXcoDSuaNrw23E,Little Steven
6jdYtcR0w0GozvhEWHEQjO,Little Steven & The Disciples Of Soul
3ciRvbBIVz9fBoPbtSYq4x,Lil Jon & The East Side Boyz
2utNxkLhreF1oIfO8kQT3q,Manfred Mann's Earth Band
2mDUt0bSAdmgG3WQMhLJz9,Peter Brown
5ksRONqssB7BR161NTtJAm,Ace of Base
2FHGHF93kp2cFmJQijoVoq,Tané Cain
3Mcii5XWf6E0lrY3Uky4cA,Ice Cube
4GvEc3ANtPPjt1ZJllr5Zl,Bazzi
0du5cEVh5yTK9QJze8zA0C,Bruno Mars
4V8LLVI7PbaPR0K2TGSxFF,"Tyler, The Creator"
3vMracm7RS0LAwtY5591yP,Dayton
4hJTgr1adnhIkhmD9jLzd6,Bobby Rydell
64wglyu5BoOzwMXYjtAbfS,Chuck Jackson
20p5D2KrE8CGuOjHtxsyTp,Fine Young Cannibals
1l7ZsJRRS8wlW3WfJfPfNS,Christina Aguilera
7lffJlv0nRl0sIsHDmo0SB,Clarence Carter
5xLSa7l4IV1gsQfhAMvl0U,B.B. King
7qG3b048QCHVRO5Pv1T5lw,Enrique Iglesias
5N6GwJzOcOY5kv8p0NjhYL,Neil Sedaka
17XXKfRBMCWvLrqGoNkJXm,Engelbert Humperdinck
6uGKydhYXrVOEXM6QbVzyH,Amber
0vMxqur0IddTaZXgaPU3V7,Thunderpuss
3UmBeGyNwr4iDWi1vTxWi8,Gerry & The Pacemakers
5bgfj5zUoWpyeVatGDjn6H,K CAMP
0ThrQemMA2B8xxusTUl8IM,Kandi
27XI002zivG9xuzrZ9dIb1,Millie Jackson
0gxyHStUsqpMadRV0Di1Qt,Rick Astley
2AM4ilv6UzW0uMRuqKtDgN,ZZ Top
6B10yUcmUVw4RPKe6j58E9,Heartland
1wZtkThiXbVNtj6hee6dz9,Wisin & Yandel
1iTrwmoisuv7HbdY5tTVUt,Ric Ocasek
5EehXjjMktLuJmbRsM7YfB,Disciples
3c8WoNjBfyLJhFObE6RHgs,Del Shannon
5CiGnKThu5ctn9pBxv7DGa,benny blanco
26VFTg2z8YR0cCuwLzESi2,Halsey
6LuN9FCkKOj5PcnpouEgny,Khalid
2tFN9ubMXEhdAQvdQxcsma,Jessica Simpson
6ewMqjrF31lC8ywRsvm073,Nick Lachey
7wCjDgV6nqBsHguQXPAaIM,Waylon Jennings
5W5bDNCqJ1jbCgTxDD0Cb3,Willie Nelson
5NtJpNZgRqBvRCq6OE08ZU,Positive K
6DPYiyq5kWVQS4RGwxzPC7,Dr. Dre
3q7HBObVc0L8jNeTe5Gofh,50 Cent
78YqeIji3mgAS2K1Maca6x,Dylan Scott
0EodhzA6yW1bIdD5B4tcmJ,Bobby Darin
7ohlPA8dRBtCf92zaZCaaB,Crowded House
4d3yvTptO48nOYTPBcPFZC,Eve
7vCtweS8UVAXTyau2j0rDT,Josh Turner
2HcwFjNelS49kFbfvMxQYw,Robbie Williams
1xgFexIwrf2QjbU0buCNnp,The Breeders
1aX2dmV8XoHYCOQRxjPESG,The Human League
7xklw3WodFZiNNmQt3DIgp,Angels & Airwaves
6eUKZXaKkcviH0Ku9w2n3V,Ed Sheeran
7wlFDEWiM5OoIAt8RSli8b,YoungBoy Never Broke Again
32LHRiof0sa4taYew9i3Fa,Dinah Washington
1cjZk1xXn3YCToNg3uJpA7,Mary Wells
6ZzOIAEw7joAghyA80c6D0,Billy Vaughn
7oPftvlwr6VrsViSDV7fJY,Green Day
3plJVWt88EqjvtuB4ZDRV3,Ben E. King
3xs0LEzcPXtgNfMNcHzLIP,Rockwell
7ypgj95aGInvJMJbMv78wB,Jade
6ktyNEnEukKzskQEiXgCFD,Craig Morgan
0kmwTkqKpMFSAeKyoUFDYj,Fiona
5fgVxnlwlHFhYE2QxuHcWe,Sailcat
6clbbhnIqpHnqxwtOWcilg,Little River Band
3goA3telNzozvRguXpfuVi,Fortune
1co4F2pPNH8JjTutZkmgSm,Ramones
73JEBdDEFeVaOLg3y0HhBD,Natalie Merchant
5fljMGfogbYnsdQBoPFKjW,Huelyn Duvall
1l8Fu6IkuTP0U5QetQJ5Xt,Fifth Harmony
2d6JU9LvNhZR7AAtu4x2rS,Yvonne Elliman
4tpUmLEVLCGFr93o8hFFIB,Blondie
66lH4jAE7pqPlOlzUKbwA0,Miranda Lambert
4Y7tXHSEejGu1vQ9bwDdXW,Fatboy Slim
0GByy3DcfbQwDvXGCWmzv9,Pretenders
1OzPxKCB5R3MLxvkdGN03X,Climax
4xtWjIlVuZwTCeqVAsgEXy,Insane Clown Posse
4pLxUMyDrijXynrUP59whJ,Shane Smith & the Saints
5nPz5R1FDPTMI3Dw4JnTGb,Exposé
070kGpqtESdDsLb3gdMIyx,Easton Corbin
70ZTdbPEcEugBNay4MvxfL,Bread
6x9QLdzo6eBZxJ1bHsDkjg,Sisqo
68tUWDLwgRP7Ch2Gj8vQ1k,Michael Stanley Band
3FUY2gzHeIiaesXtOAdB7A,Train
75L9s8KVrhCNtBUkZFnDFW,Vanessa Williams
5gPEo032lzARtzuVqJIm9o,Bobby Goldsboro
6XJ5IHDtW2OkjtwVllkANt,Shaun Cassidy
6vytZ677lz4LzCrUDcDokM,Blu Cantrell
5NYv4D209IRCOhDFeBFM5p,Cheryl 'Pepsii' Riley
4WFTfNjxQYskBioYk39r9n,Billy Joe Royal
1Xfmvd48oOhEWkscWyEbh9,Lloyd
7H55rcKCfwqkyDFH9wpKM6,Christina Perri
6vWDO969PvNqNYHIOW5v0m,Beyoncé
3OQMM7N6Cb3KZf7Ut5ggV5,Bobby Russell
3TBR6hnNO9jfoiBrjypSW8,The Blackout Allstars
2h4ndKS2vRWeFLpq8ARu0D,Ray Barretto
4vOycwLXdkMMzpZW04VW5m,Tito Nieves
6SPpCqM8gOzrtICAxN5NuX,Tito Puente
30Mx3ZadPgGZTcs38FvYP8,Paquito D'Rivera
0xJExpmKrz0ZtdlDemVzPk,Dave Valentin
05YVYeV4HxYp5rrWalvuE1,"Grover Washington, Jr."
0oGOUVzYlcCWFLHgBrSblE,Bobby D'Ambrosio
5QjWgYDeKNP2iPHTdTttnG,Stacie Orrico
7o95ZoZt5ZYn31e9z1Hc0a,Natasha Bedingfield
5q4AzEtCoYJyXjMMoEkSU5,Bachman-Turner Overdrive
74eX4C98E4FCrAMl39qRsJ,Theory of a Deadman
2kreKea2n96dXjcyAU9j5N,The Pointer Sisters
0uq5PttqEjj3IH1bzwcrXF,Spice Girls
5HuSl4Q8gNb8p8Jc8K2Yyr,Latoya Jackson
2BVYdY4PyfCF9z4NrkhEB2,Sam & Dave
76RrKpsvOmSKG8CIjROdSG,MiMS
0iTkPxRldzi5lmS6qZ70JV,C.W. McCall
6WY7D3jk8zTrHtmkqqo5GI,Maren Morris
5ziVRv2caoBDNG2fythJ2n,Burton Cummings
1qyAl8T6GTcaOViaI7fs1j,Son By Four
7AOI1S3Uy411dDhNTdSC0f,Lewis Martinee
7LCp4MN0SOIVWlssid9KyE,Mountain
05sIdEkXAYDbDDdv3T56Oj,The Chiffons
1Fj0R2t4HaJa3oUe8azB8R,Ty Herndon
6x2LnllRG5uGarZMsD4iO8,Thomas Rhett
0eDvMgVFoNV3TpwtrVCoTj,Pop Smoke
6k12mG3ZbhEkBCGlBC807F,Liz Damon's Orient Express
0OwaxYpG77PWKSLtj1QzG8,The Chambers Brothers
7AhItQoTbpGESmAxThgO7x,Steve Lawrence & Eydie Gorme
4BYxqVkZyFjtik7crYLg5Q,Chris Young
2vDV0T8sxx2ENnKXds75e5,Booker T. & the M.G.'s
4EYRKWX3RvHihDHDr8TocR,The Mar-Keys
7m2WaGqLDhPRdhdw5MOxjX,Billy J. Kramer & The Dakotas
5CCf77sKGlTdfIiIDaVScj,Little Texas
5v8jlSmAQfrkTjAlpUfWtu,Perry Como
0le01dl1WllSHhjEXRl4in,Tamia
07XSN3sPlIlB2L2XNcTwJw,KISS
06KgaEpSluofkcChSo7TNr,The Smithereens
7GXXMm3DB1VswVcuGyInUd,Vanilla Ice
76agLI5oSCFbmZnBqKcBJd,Tyrone Davis
454VBUMshEg0sxzoWKTYbT,Another Bad Creation
6gkWznnJkdkwRPVcmnrays,Sister Sledge
6dQgkiJm1fRkcqKOvPzysr,Brownstone
2zVsfeSyFbCey7rq7PasHp,Cathy Dennis
1SAugjIcuwNPKS4urSB7A6,Joe Budden
0fiWOxhsBsQQvFDtxUQWo0,Brett Young
4SA20ppwlluQj8vOWyUc0F,Grayson Hugh
1L56apXminRPJqnqBN0vhe,Morris Day
3y24n3XhZ96wgwRXjvS17T,Coolio
2oX42qP5ineK3hrhBECLmj,Andy Grammer
5bDxAyJiTYBat1YnFJhvEK,Joe Walsh
0uAjBatvB4ubpd4kCfjmNt,A Flock Of Seagulls
20sxb77xiYeusSH8cVdatc,Meek Mill
5dcOK4stT4JDkP6Dqhbz5s,Sheena Easton
08DLZqQd6XDAVteF9nSEJ1,Paula Cole
0C8ZW7ezQVs4URX5aX7Kqx,Selena Gomez
7qQJQ3YtcGlqaLg5tcypN2,Chubby Checker
43mhFhQ4JAknA7Ik1bOZuV,Pat Benatar
2Q4FnG5T6NTUcAAZwuMV5K,Del Amitri
64AyHnB0YQfCZFo5etz5vY,Eric Heatherly
2kuNswDC82PL9xRbfaZJaS,The Association
7qvsLYsYP0MHD7jkdv6DAG,Sara Evans
0L8ExT028jH3ddEcZwqJJ5,Red Hot Chili Peppers
3dE4AKlTQ3EW6yU6F9LuQT,Jerry Wallace
7peqq4aACFkBwIWGG0YRJ9,Monifah
3oSJ7TBVCWMDMiYjXNiCKE,Kane Brown
01Ppu7N8uYJI8SAONo2YZA,Melissa Etheridge
5SMVzTJyKFJ7TUb46DglcH,Parliament
34Bm9d5DAJjSnaI02BCjdA,The New Birth
26bcq2nyj5GB7uRr558iQg,Survivor
6qI4LTzMRpTxRzMZPvv2C6,Peaches & Herb
66CXWjxzNUsdJxJ2JdwvnR,Ariana Grande
31W5EY0aAly4Qieq6OFu6I,A Boogie Wit da Hoodie
7qVAJPCHuOiMxlJ7h9xEAA,O.C. Smith
4NkLjsRsFnuPu9B4zqzBqq,Robbie Nevil
3IYUhFvPQItj6xySrBmZkd,Creedence Clearwater Revival
6XItHNeKXecnFpkJHOn5JL,Syl Johnson
2eynOGnZLqDuEJwbRHlHN1,J.J. Fad
7gOdHgIoIKoe4i9Tta6qdD,Jonas Brothers
7z5WFjZAIYejWy0NI5lv4T,Dan + Shay
4VMYDCV2IEDYJArk749S6m,Daddy Yankee
052NpRSiz4SQTsFnvwMP6t,The Fuzz
0qDtyCZRYrja9CoeHXV6FD,The Bachelors
738OS3zrCO782uDiUN9pet,Lee Ann Womack
7d8R11w4QG2ihJeTaZq37F,Donny & Marie Osmond
6BMhCQJYHxxKAeqYS1p5rY,Hinder
0TnOYISbd1XYRBk9myaseg,Pitbull
5ILrArfIV0tMURcHJN8Q07,Vanessa Carlton
0N5PyKJzS3M1XNlaCL7bbE,Wilson Pickett
6jdObwsrIjSRnBbMw6lPBj,Seals and Crofts
2PaRhxWFaqCUZybJDDoNrf,Jana Kramer
13ccXrK7AmXb4TddMkE7jy,Everything But The Girl
7oHzn7edwmrYClrPRINkbn,Johnny Gill
2lxX1ivRYp26soIavdG9bX,The Yardbirds
1BJ353RSiXzi2N8oaoNqUW,Jefferson
01hRNr3yF5bYnPq4wZ88iI,Tommy James & The Shondells
5ndkK3dpZLKtBklKjxNQwT,B.o.B
6rM7lWz000LXcXvCLFZAwD,Tommy Boyce & Bobby Hart
2UZMlIwnkgAEDBsw1Rejkn,Tom Petty
3Gm5F95VdRxW3mqCn8RPBJ,Aminé
3mOiEPe870jJrahcf2TPYZ,Little Willie John
1CYsQCypByMVgnv17qsSbQ,"Crosby, Stills, Nash & Young"
3ap1NzHNV9QA1x1V6z3gSe,Gene Pitney
479Yp6DvyXoIaCssAxB4QR,Murray Head
21gGD9dUby5ls0belA1wqZ,H-Town
6UfoTQXaV3DuqtDVjZIxwZ,Cheryl Lynn
17jHTblN6WXR5MRIid1zay,Made famous by Ke$ha
7Js6Lde8thlIHXggv2SCBz,Europe
0tOyrwtpSvttpZ04mI2Fb4,Giuffria
6nKqt1nbSBEq3iUXD1Xgz8,Petula Clark
30e8DmahrEamvLbFRPdWmk,Justin Moore
2YZyLoL8N0Wb9xBt1NhZWg,Kendrick Lamar
7BFr36uI1dzJyo6tpa5Ued,The Chi-Lites
0z5DFXmhT4ZNzWElsM7V89,Erasure
3tkZ5S6yPSkEQZV6wXqHGl,Bob Fisher
530Sdm7eqqzWBdDmILMgnu,Robert Palmer
4xXCRXOfQKQ2gjWxNhNzYW,Air Supply
64KEffDW9EtZ1y2vBYgq8T,Marshmello
1hXjTjJzZTXDZ75AclOo6N,Sammy Hagar
5Pqx4mXYDGIDcg8E5FYjZ8,Carl Douglas
4e4HSlRxKSMGJDI0GiipBq,The Timetones
7gi3jmwpUpNWdswT8eEprF,Conway Twitty
0JsqVmLRr231YQ5D3q7nmj,Mark Abramson
2eFkm34OMSYRUwP4RAtXaT,David Soul
1ThoqLcyIYvZn7iWbj8fsj,Bill Withers
02Xpf8IlAGeelWAQZP33kQ,Boy Meets Girl
52uMkSFt2RVO6XxTEt5VeW,Gene Chandler
5BmXbfqAgfkuTkPlVQDKOW,David Gates
0ECwFtbIWEVNwjlrfc6xoL,Eagles
6evKD5JWJON3qPBJtUEmtY,G-Unit
7tYKF4w9nC0nq9CsPZTHyP,SZA
3roTXlM55UC6rmk0dm2wpj,Suave'
0UpuH5U4nZ3UGGUJi0Zfbp,Blue Swede
1Ek3VdZ8EPmcvgRIqnHlrF,Björn Skifs
5GtMEZEeFFsuHY8ad4kOxv,Seal
2NdeV5rLm47xAvogXrYhJX,Ciara
55Pp4Ns5VfTSFsBraW7MQy,Skee-Lo
4L1z1IcfK7lbqx8izGHaw5,Juice Newton
718COspgdWOnwOFpJHRZHS,Luke Combs
3vkhZMoCdp5lBgrk9l2nCL,El Chicano
0NKDgy9j66h3DLnN8qu1bB,Eurythmics
5MspMQqdVbdwP6ax3GXqum,Annie Lennox
7gcCQIlkkfbul5Mt0jBQkg,Dave Stewart
6GI52t8N5F02MxU0g5U69P,Santana
1XXDpHuXEOhNiC0rIrMfr9,Jimmy Gilmer & The Fireballs
304senzcXGpWqcpssNpmXJ,Brian Auger
64mmVwEeYtiiheLlRhTMuU,Brian Auger & The Trinity
5rkVyNGXEgeUqKkB5ccK83,Ashanti
0g3EsNvUCwgpsdkAiIC50W,Bettye Swann
2qQeKHrQJHLLbvDAOSO874,Winger
0m04NLVsIfjqZMBfw7vTf4,The Salsoul Orchestra
5E0lNHVTNdbK9pcUmQm1S1,Planet Soul
3UbyYnvNIT5DFXU4WgiGpP,Whitesnake
2VIoWte1HPDbZ2WqHd2La7,The Turtles
3cniTumSiUysiPWXapGx1i,Cutting Crew
7wJ9NwdRWtN92NunmXuwBk,Orchestral Manoeuvres In The Dark
7FAkzV0YOw0EIXFhmY4RE3,Jermaine Stewart
5DG3ZUxWmaQySIbGHdq03J,James Ray
0X2BH1fck6amBIoJhDVmmJ,Ellie Goulding
6hmgj6NBV3x2zsEqQVsGdd,Dino Martinić
5Tpj3RNxwErZAQSuQA5s8j,Yecate
6loBF9iQdE11WSX29fNKqY,Howard Jones
7290H8m1Dwt8G7jm1y9CQx,Chris Isaak
6hpEpmvfhm26T0Mc8x65ox,Bo Donaldson & The Heywoods
5eAWCfyUhZtHHtBdNk56l1,System Of A Down
7krx6UBDKLwE0q3s3fesqF,C & C Music Factory
08MVPakTEdRJimQNV61NFR,Freedom Williams
6TcnmlCSxihzWOQJ8k0rNS,Third Eye Blind
6w7j5wQ5AI5OQYlcM15s2L,Extreme
3iJJTRhNgyghT6lXb260jD,Spider
4tIQ6BeFRvYApoAyJmaeVC,Donna Fargo
7EQ0qTo7fWT7DPxmxtSYEc,Bastille
0WwSkZ7LtFUFjGjMZBMt6T,Dire Straits
7J7YRBSoiXpdTmcbkKZL2C,The Honeydrippers
6dTCMsjfH2odCFlNb36SCG,Delaney & Bonnie
0h9smro0z3HqUbD94jotU8,Smokey Robinson
3TVXtAsR1Inumwj472S9r4,Drake
6uvq6FeVsmhOWfJHxVNeBL,Faron Young
72VzFto8DYvKHocaHYNWSi,Hot Chocolate
3ipn9JLAPI5GUEo4y4jcoi,Ludacris
2gsggkzM5R49q6jpPvazou,Jessie J
3pbKylceBTiUa0fZk4J4sJ,Robert John
6YHEMoNPbcheiWS2haGzkn,Michael Bolton
7jVv8c5Fj3E9VhNjxT4snq,Lil Nas X
4wLXwxDeWQ8mtUIRPxGiD6,Marc Anthony
22Zqu1yyebVnbve8FxbJ2g,Rednex
3R6c2tWDBeYB1GncjLMn9n,Candlebox
78SHxLdtysAXgywQ4vE0Oa,Bush
68sMSV8NvbARSYCmFzzSpQ,Lisa Keith
3r17AfJCCUqC9Lf0OAc73G,Fergie
085pc2PYOi8bGKj0PNjekA,will.i.am
59luKpdal8UwxcuLJNoKwS,Scritti Politti
502FY8XQYRxClWgolQ3Hf2,Lynn Anderson
601893mmW5hl1FBOykWZHG,Deborah Cox
1RyvyyTE3xzB2ZywiAwp0i,Future
7ohSq6OUvkH1hkslgXfGMi,The Deele
4XwKU420OWVk38vz1KvH3M,Aaron Tippin
2DlGxzQSjYe5N6G9nkYghR,Jennifer Lopez
0Lpr5wXzWLtDWm1SjNbpPb,Todd Rundgren
52o9SO5Qt09Vr9bDCbTbmu,Charlene
4Zf0pLGYwNB86Y97kisvkn,Debbie Reynolds
4apX9tIeHb85yPyy4F6FJG,Wild Cherry
4XDxFeclKBCFPb30yQlRUH,Immature
78OAtwN3XpjMcjibnF2Kw5,David Lee Murphy
17Q9sCBpIyS6yM2YyaI6R4,Lords Of The Underground
1aSIXmBKKrEVIbGLwhedIe,Chely Wright
5fikk4h5qbEebqK2Fc6e48,En Vogue
4M6Z1wubeKtwPqbjJygTOc,Shontelle
3q8tRS0hCMVCylgKAoA0ya,Stacey Q
1C4kZs9XyNnm9HWFng6ZFH,Justin Hayward
396Kh0m4wGUvcMUULw71yi,Zapp
69Mj3u4FTUrpyeGNSIaU6F,The J. Geils Band
7IfculRW2WXyzNQ8djX8WX,Erykah Badu
6bOYtKnpLPQSfMpS2ilotK,Bobby Vinton
4xcYVPssil6vbG6tq3W43S,Don Gibson
2qk9voo8llSGYcZ6xrBzKx,Kings of Leon
6IRouO5mvvfcyxtPDKMYFN,Foreigner
0MHgLfmQdutffmvWe5XBTN,Burl Ives
57bUPid8xztkieZfS7OlEV,The Supremes
4DToQR3aKrHQSSRzSz8Nzt,The Hives
7HkdQ0gt53LP4zmHsL0nap,Ella Mai
6nVcHLIgY5pE2YCl8ubca1,Jhayco
1vyhD5VmyZ7KMfW5gqLgo5,J Balvin
4q3ewBCX7sLwd24euuV69X,Bad Bunny
2yaixhgm3yXxjhJAH8SZy3,Freddie Jackson
6eKWqnckwdIlSnjaYgIyxv,Eli Young Band
2jirMwr4cHJzjtx8vDX5IO,Marilyn McCoo
090k1Fxa70NDQvkXmQBUfW,Billy Davis Jr.
4yiQZ8tQPux8cPriYMWUFP,Gwen Stefani
73Np75Wv2tju61Eo9Zw4IR,Idina Menzel
3MyB0MyKec3Jq0AH2llk7v,Evan Rachel Wood
6zvltSMSFDRsPDs8IneC1A,Blue County
2O0Hw1WSMbskB5tD9aWah3,The Stylistics
5a2EaR3hamoenG9rDuVn8j,Prince
0roeI3yPusDWwWRzAqTopw,Jesus Jones
1SImpQO0GbjRgvlwCcCtFo,The Red Jumpsuit Apparatus
2iEvnFsWxR0Syqu2JNopAd,Smash Mouth
19eLuQmk9aCobbVDHc6eek,Louis Armstrong
2wh5Qu35PjDbJBqAv65RGa,Klymaxx
2I1bnmb9VQEQGKHxvr0gSf,Da Brat
2d3VHzlOEwXvmBdS4pzOPL,LeAnn Rimes
4Se104PDIxemxBgtWynyIq,Billy 'Crash' Craddock
05oH07COxkXKIMt6mIPRee,Brandy
2IvkS5MXK0vPGnwyJsrEyV,Eric Church
1TJbmc7jTpw78GKCiMpvDh,Blue October
7Bah8E0kCETqEpAHI6CPzQ,Mr. Mister
1VDurPMbOKrNU8mcMP4X1P,Jermaine Jackson
05RZIdfz59ZW2FvFuwnmNK,K-Ci & JoJo
5l6cEOynnkfX7PS7zCMRU0,Franke & The Knockouts
0vqkz1b2qBkoYrGMj2CUWq,Bobby Womack
3fyhhXHbGVLuSHFk2SYx4I,Popp Hunna
0mFoqJiNDtYntypvy6roGR,William Bell
7slfeZO9LsJbWgpkIoXBUJ,Ricky Martin
3iBuBivHItWMpdiVmLT0uB,The Sandpipers
7xojBGlLd0SGscMIL31gdV,Voices of Theory
1bBZcz4jP7CoPlqpCFh4gz,Johnny Horton
1QowGx6fhL4qXLzBgRZISj,"Roselli, Jimmy"
21E3waRsmPlU7jZsS13rcj,Ne-Yo
37W8SKV5Vc8lcGtdyWCA5m,Gary Allan
1FqqOl9itIUpXr4jZPIVoT,The Drifters
3gdIwZY6Q3RXhDteYr4ZvC,Sophie B. Hawkins
0Xi59sEw38vRvwleSAVqoo,Marty Robbins
1SQRv42e4PjEYfPhS0Tk9E,The Kinks
4TKTii6gnOnUXQHyuo9JaD,Sheryl Crow
1255GTUKNCLCTvH9ctD4cT,Dru Hill
4kYSro6naA4h99UJvo89HB,Cardi B
1Qw8MHpjYxm9Xf0O1ZfPiX,Gary U.S. Bonds
0NyzfcGDZZ6GM25EBG9BYK,Ray Parker Jr.
1VQ7baxc9Okx2YuRnpKMMR,Raydio
7s2L0cftC6UBVVxADuyfwS,Joe South
08GQAI4eElDnROBrJRGE0X,Fleetwood Mac
092AotSuuUXotTqVVWpDuI,The Intrigues
1p6CdzJRoicjRcSdWoB9Qc,Mitchell Tenpenny
45OBxXLz8nWOcdHZG6jpG3,The Shields
02zGgCB9SiSPeDYMfwPJXK,Godley & Creme
4KCnuZQWRl9FEwAcduZhP9,Sue Thompson
4KpcNmVL8B16qaOfqTjDc0,Mikaila
1gdaEBrH99AfhsiQNbaSBp,Z.Z. Hill
29kkCKKGXheHuoO829FxWK,Boston
08kLJJHCIH3KZGk4FZmWSK,The Chantels
6V03b3Y36lolYP2orXn8mV,98º
1BMb6sQJVkmUyCuodmRs2g,Oleta Adams
78n9nsu9Z5URFwrV32Wokk,THE SPORTS
18jZvCsW1PJ4FDQ5gEXuKp,Debbie Gibson
49e4v89VmlDcFCMyDv9wQ9,Dean Martin
6MF9fzBmfXghAz953czmBC,Taio Cruz
10rzK0sLCXsUlDhl8ed0MV,Blackfoot
4vpDg7Y7fU982Ds30zawDA,The Band
0fgtHVpOPfXb07S8Jx443z,Player
2Nhw6Bzkf9AsZQbOQ3nP5e,Flash Cadillac & The Continental Kids
2qgvmDsc4jrqbAbjq1HGM2,Rodney Atkins
3qtcbDvdIgQOXkPbtRvBaQ,The Kingston Trio
0w7HLMvZOHatWVbAKee1zF,Redbone
0ekbDNE2eOq8QiaXM34wer,Howie Day
0PFtn5NtBbbUNbU9EAmIWF,TOTO
3PF1KBeHYb14yKgsiE693V,Little Anthony & The Imperials
2nvKpWcP8etYTq4JrRiUiy,Cliff Richard
3vAaWhdBR38Q02ohXqaNHT,The All-American Rejects
0DxeaLnv6SyYk2DOqkLO8c,MAGIC!
2o5jDhtHVPhrJdv3cEQ99Z,Tiësto
1SWGyp2nxNSyQkRX1eqoUp,DJ Kool
6ycoXr0Ayd89vFUT6BOiWo,Herbie Mann
2Gop8SbSVt5SaJzuaRFa7D,Gloria Estefan And Miami Sound Machine
7CG3fjmCcZHXOnxYrpgE6W,The String-A-Longs
3zk5lgbVEre0rKRBqiKt0T,Feargal Sharkey
2JqijdV9jIJWxfgZJ5ZsEk,Lo-Key?
5IcGbIAgdns0R5EJKHMjCQ,LOCASH
5KEG7G8LDYlHgFDqZyEEs2,Chris Rea
7JSIM5U7TZym5M3Q1AFG80,The Orlons
5RYGq9WQK5OZZtOWFsz46y,McGuinness Flint
6k0IBR0lU42s2GYpNX7kA9,Brian McKnight
4pejUc4iciQfgdX6OKulQn,Queens of the Stone Age
5nGIFgo0shDenQYSE0Sn7c,Evanescence
568ZhdwyaiCyOGJRtNYhWf,Deep Purple
0XKOBt59crntr7HQXXO8Yz,Brooks & Dunn
2sgNhTq9930KEF9Hy6xcmR,Sam Salter
1MAzauDIpGIacm1p6x2zQe,Deon Jackson
120j6GjMpmMWO7hQDo4Lfx,Ta Mara & The Seen
3EhbVgyfGd7HkpsagwL9GS,Alice Cooper
7xkAwz0bQTGDSbkofyQt3U,Belinda Carlisle
3S34Unhn5yRcaH5K9aU5Et,Candi Staton
1g1yxsNVPhMUl9GrMjEb2o,Plain White T's
3mIj9lX2MWuHmhNCA7LSCW,The 1975
33W24YuaMUEk85MwRX6cRs,Paper Lace
49iKbKGqgn8OESkW5WduX0,Peabo Bryson
0uUNzXylqsZdmFDwdxaP1V,B.J. Thomas
0s0rOb0gT2S9N0SDcjtPC4,Alison Moyet
3KpLtTMpLAko7nBDmiYg7Z,Force M.D.'s
5ZKMPRDHc7qElVJFh3uRqB,Wanda Jackson
7j9PMegEgVN1fNp8NZXNCI,The Edgar Winter Group
4JeG1IusHcsL2owYnsJ7wk,The Skyliners
2sd9Q3r0Jhqpe3w9WVuG43,Crystal Waters
5lKZWd6HiSCLfnDGrq9RAm,Leona Lewis
45S8rtgQSxj1a0tzCNhSeD,Steve Wariner
5BcZ22XONcRoLhTbZRuME1,The Moody Blues
6ltcwvni6HdZAJaWhmIvNR,Gino Vannelli
3LC8PXXgk7YtAIobtjSdNi,The Ataris
4yEQYaY1583BU8xppIffdp,Tennessee Three
3dipm6p2uAgitwQsOZU5oY,Chesney Hawkes
75LPMzMMXdqp5WxuDrmq7j,The Free Movement
1PbBg2aYjWLKRk84zJK15x,Echosmith
5YGY8feqx7naU7z4HrwZM6,Miley Cyrus
1bdytLV3FPjyhfrb6BhMej,Asia
6Ahm6X9wSKXitavOvu0XzY,Danny & The Juniors
2HPaUgqeutzr3jx5a9WyDV,PARTYNEXTDOOR
0cA5Tg15TwARIRZeiNT1RO,Dan Fogelberg
2idymNTKUdnTxforkb12Mw,Matthew Sweet
2Ev0e8GUIX4u7d9etNLTXg,Jim Reeves
0un6YenPxWZ2VW4aFGMupM,Floetry
754MJLtzkbA0nNvpB2pUvy,Max Frost & The Troopers
3gdbcIdNypBsYNu3iiCjtN,The B-52's
66CMkVv86OLFmksFPnULzt,Russ Irwin
7ip3CWlgPZbQHvgJpmcGSS,Peter Schilling
46E5cI2XJdvdzi3zocHTSf,Bertha Tilman
4aBSbKk01HYWR964gGyLg9,Bertha Tillman
30nQz03BZ9JSH183zqLttV,Michael Cooper
1Pe5hlKMCTULjosqZ6KanP,Martha Reeves & The Vandellas
6HnHBbeScFiQKXt3sUQA3Z,Eydie Gormé
21J3YJTyq1biE3SvSNjzuf,Capleton
4VmEWwd8y9MCLwexFMdpwt,Method Man
3QP0XPDwbvGivqDAaJ5f5G,Adam Ant
6ZPbX2Lxd40e2UVkXpyxvI,Great White
0MAvx5yzdhylg2ztJC3MD3,Robin Trower
6I6t21SFbxZ7RbQgD5dN7U,Carl Thomas
3X0tJzVYoWlfjLYI0Ridsw,Suzanne Vega
6lHL3ubAMgSasKjNqKb8HF,Mýa
5gS1uXayWA0WJPgcRqNIae,Jon & Vangelis
3KQOgtRIeQVHdYFcNHKavs,Dorothy Moore
0jgAONnsHxrwAlhkMUVS78,Eddie Rabbitt
7t4XHvWfj0XtEB8SNFeALw,Tommy Roe
75NLTo547GvC8W5gmRDLLn,Lisa Fischer
4KDyYWR7IpxZ7xrdYbKrqY,Bonnie Raitt
5bLcI9Jo6RyrrHzG9veVyn,Lou Christie
6ijV6VNvyJw7BgUFLEtRlh,Southsyde B.O.I.Z.
7jocoSCuCtpCxCI6IbP8ye,Digital Underground
4J69yWrKwWJgjv3DKTZcGo,Big Brother & The Holding Company
4NgfOZCL9Ml67xzM0xzIvC,Janis Joplin
2tIP7SsRs7vjIcLrU85W8J,The Kid LAROI
10Khz9BDdDT2mzm3330Cvu,Onyx
3xaiq6cHhYX5xclwRkT6Jf,Shep And The Limelites
0GWCNkPi54upO9WLlwjAHd,Big Time Rush
77tT1kLj6mCWtFNqiOmP9H,Daryl Hall & John Oates
1xtGjxE9c1YmEmFPCH6Izp,The New Power Generation
46CH1Gp8l8QVly8bpG9JFG,Anita Baker
1iNGtKXGyniqwVhXfbKpk8,Re-Flex
15jBNfRUPUgdZOTSaNoF5l,Buddy Holly & The Crickets
0hYxQe3AK5jBPCr5MumLHD,Sugarland
4ibNXJiMYOPibpS9DB9Qz3,Slaughter
4zLYrCC0iBYDV8QmEYzUFS,T-Connection
0J2Ej2rMQyqaUX3G6MUISw,Ambrosia
5Do19ow5oRPYYU46jqdkwh,Bruce Channel
5aYyPjAsLj7UzANzdupwnS,Good Charlotte
09C0xjtosNAIXP36wTnWxd,Fats Domino
2EExdpjU4SK3xnJHO5paJf,Henry Mancini
5WVQxyLSWuV7XpjDlgNY53,Hugo Winterhalter
0svyIX7Xu3DVMkrOtB88i6,Diamond Rio
5HFtQOrPHOFptM1WF9xPuK,Ronnie Wood
4JCt4xrbbBB9blkKwNlcJ7,"Evelyn ""Champagne"" King"
2yg15JjVOqNppP73zVhosY,Chantay Savage
7EekKnlf2HwNaLLpL9Cpgy,Matt Stell
7urq0VfqxEYEEiZUkebXT4,112
2AOt5htsbtyaHd5Eq3kl3j,Maxwell
3lcfZLW21dTfmTLBmae1eR,"Dino, Desi & Billy"
04LIHk1SobiQwt2tlupoAV,Leo Sayer
2JyWXPbkqI5ZJa3gwqVa0c,Craig David
0Sq7oGrYEe0BDmb13wgjOO,Helen Reddy
6EPlBSH2RSiettczlz7ihV,Sleepy Hallow
4aJTB79uwT4sP0Nb8QGWHc,Joe Nichols
165ZgPlLkK7bf5bDoFc6Sb,Limp Bizkit
4PpmBoqphQusNFsxuVKb6j,Paula Abdul
5V7OAv6vGynTbLAhi2MaRA,Natural Selection
6WqCSBgxXEpXSHxUNgXBv2,Niki Harris
0zOcE3mg9nS6l3yxt1Y0bK,The Fray
7peASGSN6FkIFQ3XjLfBtB,The Blues Magoos
6is2U7I1jlI8PjxNZOHIMV,DeBarge
2qldOJLMxdqLONj9Ds99DI,Davy Jones
5MAX7FhPRj2T2e7FL0nPWM,Al Martino
4jCbgl5Dmt3uOh8WRQfpPs,Bilal
2lEie1NgwN8NqCvLsCd0H7,The Astronauts
55fhWPvDiMpLnE4ZzNXZyW,Noah Cyrus
3qnGvpP8Yth1AqSBMqON5x,Leon Bridges
5qUHCOUsvVKUpVrMMmztMK,Jeffrey Osborne
5krkohEVJYw0qoB5VWwxaC,The Black Crowes
6D7h7R79IZjqJC2GM2wzyY,Heatwave
4lxfqrEsLX6N1N4OCSkILp,Phil Collins
320TrJub4arztwXRm7kqVO,Dr. John
4YPqbAiLzBg5DIfsgQZ8QK,Andy Gibb
6JL8zeS1NmiOftqZTRgdTz,Meghan Trainor
7CCn4PFRRRZF127jtCBAUe,The Lovin' Spoonful
1N44gnWQ3IFoH1SCDJ9uB9,The Williams Brothers
72eP0W3rIhkxd0NHGg4w4u,B*Witched
2sxmKe3CUrWnx7eoXMhOlW,Dwight Yoakam
07QEuhtrNmmZ0zEcqE9SF6,Owl City
3YcBF2ttyueytpXtEzn1Za,Incubus
68aHfbY66586eamohlITc3,Cashman & West
2ye2Wgw4gimLv2eAKyk1NB,Metallica
2AfbdEnBTWGcpZKHa5MPJK,The Girlfriends
3ZN1AGPeivQaGK7lWgec7X,Nuttin' Nyce
0WbeGaye1H1KUdYWzYlTmk,Dru Down
5ojumrbWWohLIuzArVoyDs,The Happenings
1dfeR4HaWDbWqFHLkxsg1d,Queen
2VAnyOxzJuSAj7XIuEOT38,AlunaGeorge
40Yq4vzPs9VNUrIBG5Jr2i,The Smashing Pumpkins
2M93P87MDGek6uzg7Jn7he,Anita Bryant
3bofEojn7sGPv8qWQCwqSH,Lew Douglas And His Orchestra
3RqBeV12Tt7A8xH3zBDDUF,Kelsea Ballerini
1WvziZcLLYLoMMdmQx7qcN,The Shangri-Las
5HPsVk1MblCoa44WLJsQwN,Lil Suzy
12Kgt2eahvxNWhD5PnSUde,Mary Mary
7x8nK0m0cP2ksQf0mjWdPS,Dierks Bentley
6dJeKm76NjfXBNTpHmOhfO,Selena Gomez & The Scene
4reUSabzsXZWM3BMH4fU1Q,L.A. Style
4mghkDV9wSayZ9f1kf6qpj,Rtz
0tO3KaRy0ZACd8XJYT3IX2,Eric 'ET' Thorngren
2qgHV12WsnwzHZGUB9nd9U,Frente!
1RaDKTFXuy0qA8YV1h9SwC,Jimmy Dean
5iNrZmtVMtYev5M9yoWpEq,Seeb
1Fmb52lZ6Jv7FMWXXTPO3K,Joan Jett & the Blackhearts
2s79xe5F6eUQkjwjww27Fh,ABC
2dd5mrQZvg6SmahdgVKDzh,PSY
1Tdrtr2WwDDde01GJllidM,Trick Pony
5s1WKkWyMzhGnLZ0ClgyTN,Nino Tempo & April Stevens
5bHSSREflcAADAyCMlmxmh,Mtume
0vUJ3QLN3MlRfjOc2LjGWp,Inner City
6FIOHNFJKvDVUnYqodNIxQ,Detroit Emeralds
5jNmxPYz8QE5rYp4GDil8t,Dina Rae
1gRNBaI4yn6wCCTvRhGWh8,Don McLean
3Jk87AV48O8quMXNs7sMIW,Starz
69Fk1s1lzINOKqoSWjjEiE,Charley Pride
3vjd6YHdWCqO3MWaYbxDf0,95 South
2VL8sLEJ6lHEwocjc1pN9w,The Tremeloes
4YLtscXsxbVgi031ovDDdh,Chris Stapleton
1eNkUXHPaXyuyC8NAgzykK,Jodeci
7EVlecngyrLHfQUqFMpwkT,Siedah Garrett
5N7MwgMY3UYpFOnIHt1MXS,II D'Extreme
23LbwefIODbyGdRbAz3urj,Yung Joc
14J79DfdiKcztA7WrrpqIP,NITTI
3kc5AFnL1TQQdNaMdSW2UO,Wayne Wonder
6OheJTrDFGiyZ67F1BBLhc,Crystal Gayle
0IecGJbdBeYSOVtSPRehh5,Billy Preston
02da1vDJ2hWqfK7aJL6SJm,Soul Asylum
62sPt3fswraiEPnKQpAbdE,Bobby Brown
5QHvbEwccF3WANUD5lEIuA,Silver Convention
0hEurMDQu99nJRq8pTxO14,John Mayer
0bI566gNqVLuVAra7TXQp9,Bulldog
6tsRo8ErXzpHk3tQeH6GBW,Black Box
7uaIm6Pw7xplS8Dy06V6pT,Trevor Daniel
75FnCoo4FBxH5K1Rrx0k5A,The Band Perry
23kP8xlQifcAV4nd84iHbW,Trey Lorenz
5fbhwqYYh4YwUoEs582mq5,The Spinners
3yt4IVDHz0luREG9Uf9xrp,The Champs
2cFrymmkijnjDg9SS92EPM,blackbear
5gI33iEWzSZqDZeVOwfJVi,Sandy Nelson
0f5nVCcR06GX8Qikz0COtT,Omarion
32HPpJAhgnGPT3V7UOggzi,Paul Revere & The Raiders
6VGkOHRnGhPYrzy9qM7CVj,The Raiders
4wlPkvHKZzP2K8wtBzFRyY,Vixen
5OfhOoKunSnuubxxRML8J3,Mr. Big
3jOstUTkEu2JkjvRdBA5Gu,Weezer
4W4gYpQ2AQq7US2HZS13Qw,Blessid Union Of Souls
5xuNBZoM7z1Vv8IQ6uM0p6,JoJo
7hm0Ngouir56yhbzXu9yRH,Keith
0iOVhN3tnSvgDbcg25JoJb,Etta James
0L1e8CdX4rdh54b8mIxMqB,George Lamond
6y8XlgIV8BLlIg1tT1R10i,Old Dominion
40PLSl99xXqAQsCQQPmfyM,Kym Sims
7bKOOOKEkE918wKOQEhYnp,Jimmie Rodgers
5hYruMimtF8axJGLsFpfoU,Johnny Rodriguez
08ct2eZF5lUPdJpHwNKWof,Hootie & The Blowfish
7aHa6IZwZ13FoC5AXFkCSh,The Jones Girls
49Jb7NSMLFMM3n8M7BNRxN,Marty Wilde
4rTv3Ejc7hKMtmoBOK1B4T,Ali Gatie
57xdnSVt4ahJCIXYLieQ25,The Troggs
218kRJZ7FJs0hWIk8Ynzhz,Charlie Rich
4uN3DsfENc7dp0OLO0FEIb,Sugar Ray
6O74knDqdv3XaWtkII7Xjp,Boyz II Men
6Uhp7WA6sjm5ZL6Xz561de,Living Colour
6HBX2vIWfKJR2s0jfzwroZ,Crow
7Hd38PVp634oGEb9pIDs5d,Barry Gibb
2HBbky0Z08ZcCKVsXWbNE4,The Dave Clark Five
2FXC3k01G6Gw61bmprjgqS,Hozier
64oD1nmr26PzBAecbxdBzt,Angelo DeBarre
0WnxcAN2X6IKcdaZpi5X1K,The Rip Chords
6k3YMXJ1MJLgUEAlSPC6hA,Fontella Bass
51XxxtoLP1n34IUdyuIn4Z,Bobby McClure
5tTsrGPwQRWUsHR2Xf7Ke9,Natalie Cole
491cwVFgWVAdU7WLQRn3Hp,Jimmy Clanton And His Rockets
60OcSkDXUznixDpkykCnx1,Sun
5qR3kq9vLUY7jUG3K6Lr8X,Bobby Darin & The Rinky-Dinks
4yiXkMbxDIZ3jgEG89NSC1,Wynonna
4NqH3V7GS0Igs1VyGMXEi8,Mooski
6IXaAxq9mkktxZnqlWYbxf,Mitchell Torok
7sF6m3PpW6G6m6J2gzzmzM,U.S.A. For Africa
3d2pb1dHTm8b61zAGVUVvO,Mick Jagger
0SD4eZCN4Kr0wQk56hCdh2,Bonnie Tyler
6T5tfhQCknKG4UnH90qGnz,DNCE
4eeRviM714mXXeILmKHxh2,Climax Blues Band
08fM8wx6uuEwagFsUvQp35,Portrait
5r7mGejWrGSxheAYEIfSwI,Troop
3pFCERyEiP5xeN2EsPXhjI,Joe Cocker
1zRwW2z5JOtEgK5OESwlgx,Chris Lord-Alge
2MGI96UXRCEwaQGuQzAWfZ,Donna Allen
1p2l2eeZ7bmnpPfgpdZCmY,The Natural Four
68kACMx6A3D2BYiO056MeQ,Teddy Pendergrass
4ucP0bNegd7Q4ewdOKIBfz,Jack Scott
673J686eeEXMYJorgQ70lX,The Fleetwoods
73JBR5s2PVvUjGu6tIqjqx,Walter Murphy
3JMRq98LrEi2ezxixzN2Is,The Big Apple Band
22TEmHXBBLjTec2LOAuMdS,L.A. Guns
7ICvZfP4VHAPZ5Wdt03772,The Dixie Cups
7nKeLE1toRtW4M279iS26h,Zay Hilfigerrr
5AsWcQXw4RJFRWBbwa0ti0,Zayion McCall
2zyz0VJqrDXeFDIyrfVXSo,Jerry Lee Lewis
6B5c4sch27tWHAGdarpPaW,Seether
4skTgMZnk2EvSwYMo9Eu73,The Boys
3RnBzCfr8bQeLQQMGF6IeE,Joe Public
6GDSMFwAQBfnrrZf981Yji,The Browns
6XBkny92syvAWxlIX8CZAM,Jim Ed Brown
5rAaG3OuMuWvPWYji9TDgh,3T
7r8RF1tN2A4CiGEplkp1oP,Ginuwine
2Uuon75BhnuuxdKLYn4wHn,Eddie Kendricks
50JJSqHUf2RQ9xsHs0KMHg,Jon Bellion
0zOuQuYGGcrtDYYy3YFDMr,F.L.Y. (Fast Life Yungstaz)
78k3njwzksywc3rWTY7ZYN,Easton
5V9pNqcN25JXuH88g7lq2o,Joey Scarbury
6cStgiv1qH5z6GYrFsjuGj,Toya
7E41j1yL9ZeTWfqe9bUGgw,Letters To Cleo
5pBljwfwnohfSNDXixEYHm,Mary Hopkin
5xqbOE3oE6zBEMfpJ3B4MD,Ed Seay
1eClJfHLoDI4rZe5HxzBFv,INXS
2S9W9aSAd7e5mp8WqWxN2h,Hilary Duff
4LtIfuFeAamus9OOItuWDD,Us3
2cNCyL3WSlAatld5duatyD,Rahsaan
5A8UenAZRv51yZVv13nFQo,Gerard Presencer
0FFuvdY7fuiuTmHN9unYoz,Paul Carrack
1zNqDE7qDGCsyzJwohVaoX,Anne-Marie
53jXEVVJtpaWVQ3ffvhDtl,Betty Everett
0nCiidE5GgDrc5kWN3NZgZ,"Emerson, Lake & Palmer"
01lz5VBfkMFDteSA9pKJuP,The Click Five
46VWDbmWmzvPBTmkSr25gM,Marsha Ambrosius
01PZH8MrTxfgfTXNqpMRjG,Hank Ballard & The Midnighters
5gznATMVO85ZcLTkE9ULU7,Lenny Kravitz
08p7B5OtcUuVblvkQIlBhJ,Tyrese
6ZalUpnU8HaHSjROM92Txw,Benny Mardones
1L0y9srZMyh9XUnYGv37IP,'Til Tuesday
0SuQEAJ7EMAipBdrAYO4XS,Jacquie
2GaayiIs1kcyNqRXQuzp35,The Ventures
4bsWHdJkFtq1r3TcXtKGdv,Dave Dudley
50co4Is1HCEo8bhOyUWKpn,Young Thug
48nwxUvPJZkm8uPa7xMzmj,"Bobby ""Blue"" Bland"
6IFXsrXBpwbIqtOUOiAa3p,Rick Springfield
4mwXUEKaW4ftbncf9Hi58l,Tank
2pdvghEHZJtgSXZ7cvNLou,"Crosby, Stills & Nash"
7Ej52CNJlhlwWROkrcjKLL,GS Boyz
7juKTDFlPesGeWQ1GmjmOv,Silentó
1Hsdzj7Dlq2I7tHP7501T4,Niall Horan
23H1ellgs9wxOBx2V0fkao,K7
37Gpwr7xXyEPC2YRDArWnu,Toby Beau
3jaS8HCylkZ3YKhn5t20DU,Walter Egan
5xWPOujQqd4wXyB08slZ9Z,Peter Cetera
7zgtJuRm0JcJpPQRjCgXT7,N2DEEP
1W3FSF1BLpY3hlVIgvenLz,The-Dream
0cc6vw3VN8YlIcvr1v7tBL,Mötley Crüe
349LPiGLpKGaxeqIuLZTQp,New York City
163tK9Wjr9P9DmM0AVK7lm,Lorde
3lHXm91pKLq9Sxi6CoRKWu,Roger Hodgson
0mopUs7SL5szuPOcOsS73A,Georgie Fame & The Blue Flames
1mFX1QlezK1lNPKQJkhwWb,New Edition
1w5Kfo2jwwIPruYS2UWh56,Pearl Jam
